case_dir,T_input,T_K,xB0,mode,exx,eyy,ezz,exy,Nx,Ny,Nz,dx_nm,V_box_m3,w_phys_J_m3,F_CNT_peak_hat_current,F_CNT_peak_definition_inferred,F_saddle_hat,F_reference_hat_same_strain,F_reference_source,F_reference_hat_unstrained_if_available,DeltaF_hat_current,DeltaF_hat_corrected_same_strain,DeltaF_hat_using_unstrained_reference_if_available,barrier_J_current,barrier_kBT_current,barrier_eV_current,barrier_J_corrected_same_strain,barrier_kBT_corrected_same_strain,barrier_eV_corrected_same_strain,barrier_J_unstrained_reference_if_available,barrier_kBT_unstrained_reference_if_available,background_elastic_hat_same_strain,background_elastic_J_same_strain,background_fraction_of_current_barrier,recommended_barrier,recommended_barrier_kBT,recommended_reference,confidence,warnings
/data/home/luozhiheng/CUDA_STO_PF/Results/workflows/T400_xB0p050/raw/chel_T400_cuda_400x400x400_dt0.03_steps1_r0.000nm_xB0.050/cntcon_T400_xB0p050_strictref_exx_eyy_s0p0025_ref_matrix_only,400.0,673.15,0.05,exx_eyy,0.0025,0.0025,0.0,0.0,400,400,400,0.10000000000000002,6.400000000000003e-23,4000000000.0000005,0.000143953905,absolute peak of last-row F_total_CNT_hat across sibling radius cases; no same-strain reference subtraction detected in summarize_cnt_scan_from_guide.py,0.000143953905,0.000132354487,/data/home/luozhiheng/CUDA_STO_PF/Results/workflows/T400_xB0p050/cnt_scan/current_results_master_table_fitted.csv:F_ref_hat_same_strain,,0.000143953905,1.1599418000000005e-05,,3.6852199680000024e-17,3965.2290831680302,230.01333871656018,2.9694510080000032e-18,319.5074812414625,18.53385541259868,,,0.000132354487,3.388274867200002e-17,0.919422692979395,2.9694510080000032e-18,319.5074812414625,/data/home/luozhiheng/CUDA_STO_PF/Results/workflows/T400_xB0p050/cnt_scan/current_results_master_table_fitted.csv:F_ref_hat_same_strain,high,missing unstrained reference case for comparison | r_eff_star reconstructed from thresholded voxel_count volume; this approximates V_h with phi>0.5 geometry
/data/home/luozhiheng/CUDA_STO_PF/Results/workflows/T400_xB0p050/raw/chel_T400_cuda_400x400x400_dt0.03_steps1_r0.000nm_xB0.050/cntcon_T400_xB0p050_strictref_exx_eyy_s0p005_ref_matrix_only,400.0,673.15,0.05,exx_eyy,0.005,0.005,0.0,0.0,400,400,400,0.10000000000000002,6.400000000000003e-23,4000000000.0000005,0.000573736679,absolute peak of last-row F_total_CNT_hat across sibling radius cases; no same-strain reference subtraction detected in summarize_cnt_scan_from_guide.py,0.000573736679,0.000562535722,/data/home/luozhiheng/CUDA_STO_PF/Results/workflows/T400_xB0p050/cnt_scan/current_results_master_table_fitted.csv:F_ref_hat_same_strain,,0.000573736679,1.1200957000000026e-05,,1.468765898240001e-16,15803.65163175699,916.7315682123481,2.8674449920000085e-18,308.5318210417052,17.897183938085124,,,0.000562535722,1.440091448320001e-16,0.9804771815887336,2.8674449920000085e-18,308.5318210417052,/data/home/luozhiheng/CUDA_STO_PF/Results/workflows/T400_xB0p050/cnt_scan/current_results_master_table_fitted.csv:F_ref_hat_same_strain,high,missing unstrained reference case for comparison | r_eff_star reconstructed from thresholded voxel_count volume; this approximates V_h with phi>0.5 geometry
/data/home/luozhiheng/CUDA_STO_PF/Results/workflows/T400_xB0p050/raw/chel_T400_cuda_400x400x400_dt0.03_steps1_r0.000nm_xB0.050/cntcon_T400_xB0p050_strictref_exx_eyy_s0p0075_ref_matrix_only,400.0,673.15,0.05,exx_eyy,0.0075,0.0075,0.0,0.0,400,400,400,0.10000000000000002,6.400000000000003e-23,4000000000.0000005,0.00130197784,absolute peak of last-row F_total_CNT_hat across sibling radius cases; no same-strain reference subtraction detected in summarize_cnt_scan_from_guide.py,0.00130197784,0.00129115441,/data/home/luozhiheng/CUDA_STO_PF/Results/workflows/T400_xB0p050/cnt_scan/current_results_master_table_fitted.csv:F_ref_hat_same_strain,,0.00130197784,1.0823430000000099e-05,,3.3330632704000022e-16,35863.1493658216,2080.334464795348,2.770798080000027e-18,298.1327906015036,17.293961359818628,,,0.00129115441,3.305355289600002e-16,0.9916869322445611,2.770798080000027e-18,298.1327906015036,/data/home/luozhiheng/CUDA_STO_PF/Results/workflows/T400_xB0p050/cnt_scan/current_results_master_table_fitted.csv:F_ref_hat_same_strain,high,missing unstrained reference case for comparison | r_eff_star reconstructed from thresholded voxel_count volume; this approximates V_h with phi>0.5 geometry
/data/home/luozhiheng/CUDA_STO_PF/Results/workflows/T400_xB0p050/raw/chel_T400_cuda_400x400x400_dt0.03_steps1_r0.000nm_xB0.050/cntcon_T400_xB0p050_strictref_exx_eyy_s0p01_ref_matrix_only,400.0,673.15,0.05,exx_eyy,0.01,0.01,0.0,0.0,400,400,400,0.10000000000000002,6.400000000000003e-23,4000000000.0000005,0.00232868491,absolute peak of last-row F_total_CNT_hat across sibling radius cases; no same-strain reference subtraction detected in summarize_cnt_scan_from_guide.py,0.00232868491,0.00231821062,/data/home/luozhiheng/CUDA_STO_PF/Results/workflows/T400_xB0p050/cnt_scan/current_results_master_table_fitted.csv:F_ref_hat_same_strain,,0.00232868491,1.0474290000000042e-05,,5.961433369600003e-16,64143.92947983263,3720.8340473151625,2.6814182400000122e-18,288.5156837776386,16.736096277384686,,,0.00231821062,5.934619187200003e-16,0.9955020578546198,2.6814182400000122e-18,288.5156837776386,/data/home/luozhiheng/CUDA_STO_PF/Results/workflows/T400_xB0p050/cnt_scan/current_results_master_table_fitted.csv:F_ref_hat_same_strain,high,missing unstrained reference case for comparison | r_eff_star reconstructed from thresholded voxel_count volume; this approximates V_h with phi>0.5 geometry
/data/home/luozhiheng/CUDA_STO_PF/Results/workflows/T400_xB0p050/raw/chel_T400_cuda_400x400x400_dt0.03_steps1_r0.000nm_xB0.050/cntcon_T400_xB0p050_strictref_exx_eyy_sm0p0025_ref_matrix_only,400.0,673.15,0.05,exx_eyy,-0.0025,-0.0025,0.0,0.0,400,400,400,0.10000000000000002,6.400000000000003e-23,4000000000.0000005,0.000179805776,absolute peak of last-row F_total_CNT_hat across sibling radius cases; no same-strain reference subtraction detected in summarize_cnt_scan_from_guide.py,0.000179805776,0.000167304504,/data/home/luozhiheng/CUDA_STO_PF/Results/workflows/T400_xB0p050/cnt_scan/current_results_master_table_fitted.csv:F_ref_hat_same_strain,,0.000179805776,1.2501271999999992e-05,,4.6030278656000023e-17,4952.7735445370245,287.2984019313817,3.200325632e-18,344.34916726291056,19.974861473357375,,,0.000167304504,4.2829953024000024e-17,0.93047346821606,3.200325632e-18,344.34916726291056,/data/home/luozhiheng/CUDA_STO_PF/Results/workflows/T400_xB0p050/cnt_scan/current_results_master_table_fitted.csv:F_ref_hat_same_strain,high,missing unstrained reference case for comparison | r_eff_star reconstructed from thresholded voxel_count volume; this approximates V_h with phi>0.5 geometry
/data/home/luozhiheng/CUDA_STO_PF/Results/workflows/T400_xB0p050/raw/chel_T400_cuda_400x400x400_dt0.03_steps1_r0.000nm_xB0.050/cntcon_T400_xB0p050_strictref_exx_eyy_sm0p005_ref_matrix_only,400.0,673.15,0.05,exx_eyy,-0.005,-0.005,0.0,0.0,400,400,400,0.10000000000000002,6.400000000000003e-23,4000000000.0000005,0.000645456,absolute peak of last-row F_total_CNT_hat across sibling radius cases; no same-strain reference subtraction detected in summarize_cnt_scan_from_guide.py,0.000645456,0.000632435716,/data/home/luozhiheng/CUDA_STO_PF/Results/workflows/T400_xB0p050/cnt_scan/current_results_master_table_fitted.csv:F_ref_hat_same_strain,,0.000645456,1.302028399999993e-05,,1.652367360000001e-16,17779.1696800813,1031.326587178278,3.333192703999984e-18,358.64542047613844,20.80415250894231,,,0.000632435716,1.619035432960001e-16,0.979827774472621,3.333192703999984e-18,358.64542047613844,/data/home/luozhiheng/CUDA_STO_PF/Results/workflows/T400_xB0p050/cnt_scan/current_results_master_table_fitted.csv:F_ref_hat_same_strain,high,missing unstrained reference case for comparison | r_eff_star reconstructed from thresholded voxel_count volume; this approximates V_h with phi>0.5 geometry
/data/home/luozhiheng/CUDA_STO_PF/Results/workflows/T400_xB0p050/raw/chel_T400_cuda_400x400x400_dt0.03_steps1_r0.000nm_xB0.050/cntcon_T400_xB0p050_strictref_exx_eyy_sm0p0075_ref_matrix_only,400.0,673.15,0.05,exx_eyy,-0.0075,-0.0075,0.0,0.0,400,400,400,0.10000000000000002,6.400000000000003e-23,4000000000.0000005,0.00140959506,absolute peak of last-row F_total_CNT_hat across sibling radius cases; no same-strain reference subtraction detected in summarize_cnt_scan_from_guide.py,0.00140959506,0.00139600445,/data/home/luozhiheng/CUDA_STO_PF/Results/workflows/T400_xB0p050/cnt_scan/current_results_master_table_fitted.csv:F_ref_hat_same_strain,,0.00140959506,1.3590609999999904e-05,,3.6085633536000025e-16,38827.479722776436,2252.2880917260977,3.479196159999978e-18,374.35512451012625,21.7154344044689,,,0.00139600445,3.573771392000002e-16,0.9903585005469586,3.479196159999978e-18,374.35512451012625,/data/home/luozhiheng/CUDA_STO_PF/Results/workflows/T400_xB0p050/cnt_scan/current_results_master_table_fitted.csv:F_ref_hat_same_strain,high,missing unstrained reference case for comparison | r_eff_star reconstructed from thresholded voxel_count volume; this approximates V_h with phi>0.5 geometry
/data/home/luozhiheng/CUDA_STO_PF/Results/workflows/T400_xB0p050/raw/chel_T400_cuda_400x400x400_dt0.03_steps1_r0.000nm_xB0.050/cntcon_T400_xB0p050_strictref_exx_eyy_sm0p01_ref_matrix_only,400.0,673.15,0.05,exx_eyy,-0.01,-0.01,0.0,0.0,400,400,400,0.10000000000000002,6.400000000000003e-23,4000000000.0000005,0.00247222201,absolute peak of last-row F_total_CNT_hat across sibling radius cases; no same-strain reference subtraction detected in summarize_cnt_scan_from_guide.py,0.00247222201,0.00245801069,/data/home/luozhiheng/CUDA_STO_PF/Results/workflows/T400_xB0p050/cnt_scan/current_results_master_table_fitted.csv:F_ref_hat_same_strain,,0.00247222201,1.4211320000000107e-05,,6.328888345600003e-16,68097.67761492905,3950.1814040311388,3.6380979200000295e-18,391.4526623936177,22.70722118145701,,,0.00245801069,6.292507366400004e-16,0.9942516004054183,3.6380979200000295e-18,391.4526623936177,/data/home/luozhiheng/CUDA_STO_PF/Results/workflows/T400_xB0p050/cnt_scan/current_results_master_table_fitted.csv:F_ref_hat_same_strain,high,missing unstrained reference case for comparison | r_eff_star reconstructed from thresholded voxel_count volume; this approximates V_h with phi>0.5 geometry
/data/home/luozhiheng/CUDA_STO_PF/Results/workflows/T400_xB0p050/raw/chel_T400_cuda_400x400x400_dt0.03_steps1_r0.000nm_xB0.050/cntcon_T400_xB0p050_strictref_exx_s000_ref_matrix_only,400.0,673.15,0.05,exx,0.0,0.0,0.0,0.0,400,400,400,0.10000000000000002,6.400000000000003e-23,4000000000.0000005,1.26363949e-05,absolute peak of last-row F_total_CNT_hat across sibling radius cases; no same-strain reference subtraction detected in summarize_cnt_scan_from_guide.py,1.26363949e-05,6.10751247e-07,/data/home/luozhiheng/CUDA_STO_PF/Results/workflows/T400_xB0p050/cnt_scan/current_results_master_table_fitted.csv:F_ref_hat_same_strain,,1.26363949e-05,1.2025643653e-05,,3.234917094400002e-18,348.0711451618917,20.190764399825856,3.078564775168002e-18,331.24792242829835,19.214889980526344,,,2.22788778e-06,5.703392716800004e-19,0.17630722984132127,3.078564775168002e-18,331.24792242829835,/data/home/luozhiheng/CUDA_STO_PF/Results/workflows/T400_xB0p050/cnt_scan/current_results_master_table_fitted.csv:F_ref_hat_same_strain,high,missing unstrained reference case for comparison | r_eff_star reconstructed from thresholded voxel_count volume; this approximates V_h with phi>0.5 geometry | same-strain reference approximated by smallest-volume sibling; explicit matrix-only reference not found
/data/home/luozhiheng/CUDA_STO_PF/Results/workflows/T400_xB0p050/raw/chel_T400_cuda_400x400x400_dt0.03_steps1_r0.000nm_xB0.050/cntcon_T400_xB0p050_strictref_exx_s0p0025_ref_matrix_only,400.0,673.15,0.05,exx,0.0025,0.0,0.0,0.0,400,400,400,0.10000000000000002,6.400000000000003e-23,4000000000.0000005,8.7428708e-05,absolute peak of last-row F_total_CNT_hat across sibling radius cases; no same-strain reference subtraction detected in summarize_cnt_scan_from_guide.py,8.7428708e-05,7.62482435e-05,/data/home/luozhiheng/CUDA_STO_PF/Results/workflows/T400_xB0p050/cnt_scan/current_results_master_table_fitted.csv:F_ref_hat_same_strain,1.15343181e-05,8.7428708e-05,1.1180464499999999e-05,7.58943899e-05,2.238174924800001e-17,2408.2351615637335,139.69589103369742,2.8621989120000012e-18,307.96735245721675,17.86444048215973,1.942896381440001e-17,2090.520865556054,7.7278321e-05,1.9783250176000012e-17,0.8839009836448688,2.8621989120000012e-18,307.96735245721675,/data/home/luozhiheng/CUDA_STO_PF/Results/workflows/T400_xB0p050/cnt_scan/current_results_master_table_fitted.csv:F_ref_hat_same_strain,high,r_eff_star reconstructed from thresholded voxel_count volume; this approximates V_h with phi>0.5 geometry | same-strain reference approximated by smallest-volume sibling; explicit matrix-only reference not found
/data/home/luozhiheng/CUDA_STO_PF/Results/workflows/T400_xB0p050/raw/chel_T400_cuda_400x400x400_dt0.03_steps1_r0.000nm_xB0.050/cntcon_T400_xB0p050_strictref_exx_s0p005_ref_matrix_only,400.0,673.15,0.05,exx,0.005,0.0,0.0,0.0,400,400,400,0.10000000000000002,6.400000000000003e-23,4000000000.0000005,0.00033101062,absolute peak of last-row F_total_CNT_hat across sibling radius cases; no same-strain reference subtraction detected in summarize_cnt_scan_from_guide.py,0.00033101062,0.000320635738,/data/home/luozhiheng/CUDA_STO_PF/Results/workflows/T400_xB0p050/cnt_scan/current_results_master_table_fitted.csv:F_ref_hat_same_strain,1.15343181e-05,0.00033101062,1.0374882000000005e-05,0.00031947630189999997,8.473871872000005e-17,9117.730687899582,528.8974818490584,2.655969792000003e-18,285.7774774559712,16.577259558261684,8.178593328640004e-17,8800.016391891902,0.000320635738,8.208274892800005e-17,0.9686569512482711,2.655969792000003e-18,285.7774774559712,/data/home/luozhiheng/CUDA_STO_PF/Results/workflows/T400_xB0p050/cnt_scan/current_results_master_table_fitted.csv:F_ref_hat_same_strain,high,r_eff_star reconstructed from thresholded voxel_count volume; this approximates V_h with phi>0.5 geometry | same-strain reference approximated by smallest-volume sibling; explicit matrix-only reference not found
/data/home/luozhiheng/CUDA_STO_PF/Results/workflows/T400_xB0p050/raw/chel_T400_cuda_400x400x400_dt0.03_steps1_r0.000nm_xB0.050/cntcon_T400_xB0p050_strictref_exx_s0p0075_ref_matrix_only,400.0,673.15,0.05,exx,0.0075,0.0,0.0,0.0,400,400,400,0.10000000000000002,6.400000000000003e-23,4000000000.0000005,0.000743358442,absolute peak of last-row F_total_CNT_hat across sibling radius cases; no same-strain reference subtraction detected in summarize_cnt_scan_from_guide.py,0.000743358442,0.000733773199,/data/home/luozhiheng/CUDA_STO_PF/Results/workflows/T400_xB0p050/cnt_scan/current_results_master_table_fitted.csv:F_ref_hat_same_strain,1.15343181e-05,0.000743358442,9.585243000000002e-06,0.0007318241239,1.9029976115200013e-16,20475.905210330176,1187.7576860979245,2.453822208000002e-18,264.0267682410754,15.315553578345357,1.8734697571840012e-16,20158.1909143225,0.000733776419,1.8784676326400008e-16,0.9871098215092309,2.453822208000002e-18,264.0267682410754,/data/home/luozhiheng/CUDA_STO_PF/Results/workflows/T400_xB0p050/cnt_scan/current_results_master_table_fitted.csv:F_ref_hat_same_strain,high,r_eff_star reconstructed from thresholded voxel_count volume; this approximates V_h with phi>0.5 geometry | same-strain reference approximated by smallest-volume sibling; explicit matrix-only reference not found
/data/home/luozhiheng/CUDA_STO_PF/Results/workflows/T400_xB0p050/raw/chel_T400_cuda_400x400x400_dt0.03_steps1_r0.000nm_xB0.050/cntcon_T400_xB0p050_strictref_exx_s0p01_ref_matrix_only,400.0,673.15,0.05,exx,0.01,0.0,0.0,0.0,400,400,400,0.10000000000000002,6.400000000000003e-23,4000000000.0000005,0.00132448492,absolute peak of last-row F_total_CNT_hat across sibling radius cases; no same-strain reference subtraction detected in summarize_cnt_scan_from_guide.py,0.00132448492,0.00131566059,/data/home/luozhiheng/CUDA_STO_PF/Results/workflows/T400_xB0p050/cnt_scan/current_results_master_table_fitted.csv:F_ref_hat_same_strain,1.15343181e-05,0.00132448492,8.824329999999924e-06,0.0013129506019,3.390681395200002e-16,36483.10981908745,2116.2968696746093,2.259028479999982e-18,243.0673204417195,14.099746757385192,3.361153540864002e-16,36165.395523079766,0.00131566059,3.368091110400002e-16,0.9933375383390549,2.259028479999982e-18,243.0673204417195,/data/home/luozhiheng/CUDA_STO_PF/Results/workflows/T400_xB0p050/cnt_scan/current_results_master_table_fitted.csv:F_ref_hat_same_strain,high,r_eff_star reconstructed from thresholded voxel_count volume; this approximates V_h with phi>0.5 geometry | same-strain reference approximated by smallest-volume sibling; explicit matrix-only reference not found
/data/home/luozhiheng/CUDA_STO_PF/Results/workflows/T400_xB0p050/raw/chel_T400_cuda_400x400x400_dt0.03_steps1_r0.000nm_xB0.050/cntcon_T400_xB0p050_strictref_exx_sm0p0025_ref_matrix_only,400.0,673.15,0.05,exx,-0.0025,0.0,0.0,0.0,400,400,400,0.10000000000000002,6.400000000000003e-23,4000000000.0000005,0.000106619777,absolute peak of last-row F_total_CNT_hat across sibling radius cases; no same-strain reference subtraction detected in summarize_cnt_scan_from_guide.py,0.000106619777,9.37232532e-05,/data/home/luozhiheng/CUDA_STO_PF/Results/workflows/T400_xB0p050/cnt_scan/current_results_master_table_fitted.csv:F_ref_hat_same_strain,1.15343181e-05,0.000106619777,1.2896523800000003e-05,9.50854589e-05,2.7294662912000016e-17,2936.8556594646725,170.35988624959575,3.301510092800003e-18,355.2364296302257,20.606405203635013,2.4341877478400014e-17,2619.1413634569926,9.37232532e-05,2.3993152819200013e-17,0.8790419173358428,3.301510092800003e-18,355.2364296302257,/data/home/luozhiheng/CUDA_STO_PF/Results/workflows/T400_xB0p050/cnt_scan/current_results_master_table_fitted.csv:F_ref_hat_same_strain,high,r_eff_star reconstructed from thresholded voxel_count volume; this approximates V_h with phi>0.5 geometry | same-strain reference approximated by smallest-volume sibling; explicit matrix-only reference not found
/data/home/luozhiheng/CUDA_STO_PF/Results/workflows/T400_xB0p050/raw/chel_T400_cuda_400x400x400_dt0.03_steps1_r0.000nm_xB0.050/cntcon_T400_xB0p050_strictref_exx_sm0p005_ref_matrix_only,400.0,673.15,0.05,exx,-0.005,0.0,0.0,0.0,400,400,400,0.10000000000000002,6.400000000000003e-23,4000000000.0000005,0.000369351177,absolute peak of last-row F_total_CNT_hat across sibling radius cases; no same-strain reference subtraction detected in summarize_cnt_scan_from_guide.py,0.000369351177,0.000355585743,/data/home/luozhiheng/CUDA_STO_PF/Results/workflows/T400_xB0p050/cnt_scan/current_results_master_table_fitted.csv:F_ref_hat_same_strain,1.15343181e-05,0.000369351177,1.3765434000000002e-05,0.0003578168589,9.455390131200007e-17,10173.826329634774,590.1590330645159,3.523951104000003e-18,379.1706743851793,21.994772793572043,9.160111587840005e-17,9856.112033627092,0.000355585743,9.102995020800006e-17,0.9627307699089855,3.523951104000003e-18,379.1706743851793,/data/home/luozhiheng/CUDA_STO_PF/Results/workflows/T400_xB0p050/cnt_scan/current_results_master_table_fitted.csv:F_ref_hat_same_strain,high,r_eff_star reconstructed from thresholded voxel_count volume; this approximates V_h with phi>0.5 geometry | same-strain reference approximated by smallest-volume sibling; explicit matrix-only reference not found
/data/home/luozhiheng/CUDA_STO_PF/Results/workflows/T400_xB0p050/raw/chel_T400_cuda_400x400x400_dt0.03_steps1_r0.000nm_xB0.050/cntcon_T400_xB0p050_strictref_exx_sm0p0075_ref_matrix_only,400.0,673.15,0.05,exx,-0.0075,0.0,0.0,0.0,400,400,400,0.10000000000000002,6.400000000000003e-23,4000000000.0000005,0.000800821865,absolute peak of last-row F_total_CNT_hat across sibling radius cases; no same-strain reference subtraction detected in summarize_cnt_scan_from_guide.py,0.000800821865,0.000786198209,/data/home/luozhiheng/CUDA_STO_PF/Results/workflows/T400_xB0p050/cnt_scan/current_results_master_table_fitted.csv:F_ref_hat_same_strain,1.15343181e-05,0.000800821865,1.4623655999999939e-05,0.0007892875469,2.0501039744000013e-16,22058.742689438415,1279.5742559805683,3.743655935999987e-18,402.81051127751226,23.36606249620282,2.0205761200640013e-16,21741.028393430734,0.000786198209,2.0126674150400013e-16,0.9817391899008653,3.743655935999987e-18,402.81051127751226,/data/home/luozhiheng/CUDA_STO_PF/Results/workflows/T400_xB0p050/cnt_scan/current_results_master_table_fitted.csv:F_ref_hat_same_strain,high,r_eff_star reconstructed from thresholded voxel_count volume; this approximates V_h with phi>0.5 geometry | same-strain reference approximated by smallest-volume sibling; explicit matrix-only reference not found
/data/home/luozhiheng/CUDA_STO_PF/Results/workflows/T400_xB0p050/raw/chel_T400_cuda_400x400x400_dt0.03_steps1_r0.000nm_xB0.050/cntcon_T400_xB0p050_strictref_exx_sm0p01_ref_matrix_only,400.0,673.15,0.05,exx,-0.01,0.0,0.0,0.0,400,400,400,0.10000000000000002,6.400000000000003e-23,4000000000.0000005,0.001401018,absolute peak of last-row F_total_CNT_hat across sibling radius cases; no same-strain reference subtraction detected in summarize_cnt_scan_from_guide.py,0.001401018,0.00138556081,/data/home/luozhiheng/CUDA_STO_PF/Results/workflows/T400_xB0p050/cnt_scan/current_results_master_table_fitted.csv:F_ref_hat_same_strain,1.15343181e-05,0.001401018,1.5457189999999862e-05,0.0013894836819,3.5866060800000024e-16,38591.22348672589,2238.583439483616,3.957040639999967e-18,425.7703139908118,24.69790506256982,3.557078225664002e-16,38273.50919071821,0.00138556081,3.5470356736000024e-16,0.9889671724417531,3.957040639999967e-18,425.7703139908118,/data/home/luozhiheng/CUDA_STO_PF/Results/workflows/T400_xB0p050/cnt_scan/current_results_master_table_fitted.csv:F_ref_hat_same_strain,high,r_eff_star reconstructed from thresholded voxel_count volume; this approximates V_h with phi>0.5 geometry | same-strain reference approximated by smallest-volume sibling; explicit matrix-only reference not found
/data/home/luozhiheng/CUDA_STO_PF/Results/workflows/T400_xB0p050/raw/chel_T400_cuda_400x400x400_dt0.03_steps1_r0.000nm_xB0.050/cntcon_T400_xB0p050_strictref_eyy_s0p0025_ref_matrix_only,400.0,673.15,0.05,eyy,0.0,0.0025,0.0,0.0,400,400,400,0.10000000000000002,6.400000000000003e-23,4000000000.0000005,5.97919417e-05,absolute peak of last-row F_total_CNT_hat across sibling radius cases; no same-strain reference subtraction detected in summarize_cnt_scan_from_guide.py,5.97919417e-05,4.73419985e-05,/data/home/luozhiheng/CUDA_STO_PF/Results/workflows/T400_xB0p050/cnt_scan/current_results_master_table_fitted.csv:F_ref_hat_same_strain,,5.97919417e-05,1.2449943199999998e-05,,1.530673707520001e-17,1646.976830311948,95.53713835524586,3.1871854592000015e-18,342.93530877422216,19.892846965586205,,,4.73419985e-05,1.2119551616000008e-17,0.7917789112374654,3.1871854592000015e-18,342.93530877422216,/data/home/luozhiheng/CUDA_STO_PF/Results/workflows/T400_xB0p050/cnt_scan/current_results_master_table_fitted.csv:F_ref_hat_same_strain,high,missing unstrained reference case for comparison | r_eff_star reconstructed from thresholded voxel_count volume; this approximates V_h with phi>0.5 geometry
/data/home/luozhiheng/CUDA_STO_PF/Results/workflows/T400_xB0p050/raw/chel_T400_cuda_400x400x400_dt0.03_steps1_r0.000nm_xB0.050/cntcon_T400_xB0p050_strictref_eyy_s0p005_ref_matrix_only,400.0,673.15,0.05,eyy,0.0,0.005,0.0,0.0,400,400,400,0.10000000000000002,6.400000000000003e-23,4000000000.0000005,0.000217897009,absolute peak of last-row F_total_CNT_hat across sibling radius cases; no same-strain reference subtraction detected in summarize_cnt_scan_from_guide.py,0.000217897009,0.000205010724,/data/home/luozhiheng/CUDA_STO_PF/Results/workflows/T400_xB0p050/cnt_scan/current_results_master_table_fitted.csv:F_ref_hat_same_strain,,0.000217897009,1.2886285000000011e-05,,5.578163430400003e-17,6002.001524183217,348.161576696668,3.298888960000005e-18,354.95440054920346,20.59004537947846,,,0.000205010724,5.2482745344000026e-17,0.9408606613778714,3.298888960000005e-18,354.95440054920346,/data/home/luozhiheng/CUDA_STO_PF/Results/workflows/T400_xB0p050/cnt_scan/current_results_master_table_fitted.csv:F_ref_hat_same_strain,high,missing unstrained reference case for comparison | r_eff_star reconstructed from thresholded voxel_count volume; this approximates V_h with phi>0.5 geometry
/data/home/luozhiheng/CUDA_STO_PF/Results/workflows/T400_xB0p050/raw/chel_T400_cuda_400x400x400_dt0.03_steps1_r0.000nm_xB0.050/cntcon_T400_xB0p050_strictref_eyy_s0p0075_ref_matrix_only,400.0,673.15,0.05,eyy,0.0,0.0075,0.0,0.0,400,400,400,0.10000000000000002,6.400000000000003e-23,4000000000.0000005,0.000486967787,absolute peak of last-row F_total_CNT_hat across sibling radius cases; no same-strain reference subtraction detected in summarize_cnt_scan_from_guide.py,0.000486967787,0.000473616978,/data/home/luozhiheng/CUDA_STO_PF/Results/workflows/T400_xB0p050/cnt_scan/current_results_master_table_fitted.csv:F_ref_hat_same_strain,,0.000486967787,1.3350808999999992e-05,,1.2466375347200007e-16,13413.591187945714,778.0899485518279,3.4178071040000002e-18,367.7497746978205,21.332274054372462,,,0.000473616978,1.2124594636800007e-16,0.9725837943362772,3.4178071040000002e-18,367.7497746978205,/data/home/luozhiheng/CUDA_STO_PF/Results/workflows/T400_xB0p050/cnt_scan/current_results_master_table_fitted.csv:F_ref_hat_same_strain,high,missing unstrained reference case for comparison | r_eff_star reconstructed from thresholded voxel_count volume; this approximates V_h with phi>0.5 geometry
/data/home/luozhiheng/CUDA_STO_PF/Results/workflows/T400_xB0p050/raw/chel_T400_cuda_400x400x400_dt0.03_steps1_r0.000nm_xB0.050/cntcon_T400_xB0p050_strictref_eyy_s0p01_ref_matrix_only,400.0,673.15,0.05,eyy,0.0,0.01,0.0,0.0,400,400,400,0.10000000000000002,6.400000000000003e-23,4000000000.0000005,0.0008670068,absolute peak of last-row F_total_CNT_hat across sibling radius cases; no same-strain reference subtraction detected in summarize_cnt_scan_from_guide.py,0.0008670068,0.000853160708,/data/home/luozhiheng/CUDA_STO_PF/Results/workflows/T400_xB0p050/cnt_scan/current_results_master_table_fitted.csv:F_ref_hat_same_strain,,0.0008670068,1.3846091999999933e-05,,2.2195374080000012e-16,23881.81535377208,1385.3262873137128,3.544599551999985e-18,381.3924095120583,22.123650269137464,,,0.000853160708,2.1840914124800013e-16,0.9840300076077836,3.544599551999985e-18,381.3924095120583,/data/home/luozhiheng/CUDA_STO_PF/Results/workflows/T400_xB0p050/cnt_scan/current_results_master_table_fitted.csv:F_ref_hat_same_strain,high,missing unstrained reference case for comparison | r_eff_star reconstructed from thresholded voxel_count volume; this approximates V_h with phi>0.5 geometry
/data/home/luozhiheng/CUDA_STO_PF/Results/workflows/T400_xB0p050/raw/chel_T400_cuda_400x400x400_dt0.03_steps1_r0.000nm_xB0.050/cntcon_T400_xB0p050_strictref_eyy_sm0p0025_ref_matrix_only,400.0,673.15,0.05,eyy,0.0,-0.0025,0.0,0.0,400,400,400,0.10000000000000002,6.400000000000003e-23,4000000000.0000005,7.64683872e-05,absolute peak of last-row F_total_CNT_hat across sibling radius cases; no same-strain reference subtraction detected in summarize_cnt_scan_from_guide.py,7.64683872e-05,6.48169988e-05,/data/home/luozhiheng/CUDA_STO_PF/Results/workflows/T400_xB0p050/cnt_scan/current_results_master_table_fitted.csv:F_ref_hat_same_strain,,7.64683872e-05,1.1651388400000002e-05,,1.957590712320001e-17,2106.3316960272377,122.18320195025395,2.9827554304000024e-18,320.9390126858082,18.616895085738733,,,6.48169988e-05,1.659315169280001e-17,0.8476313045608473,2.9827554304000024e-18,320.9390126858082,/data/home/luozhiheng/CUDA_STO_PF/Results/workflows/T400_xB0p050/cnt_scan/current_results_master_table_fitted.csv:F_ref_hat_same_strain,high,missing unstrained reference case for comparison | r_eff_star reconstructed from thresholded voxel_count volume; this approximates V_h with phi>0.5 geometry
/data/home/luozhiheng/CUDA_STO_PF/Results/workflows/T400_xB0p050/raw/chel_T400_cuda_400x400x400_dt0.03_steps1_r0.000nm_xB0.050/cntcon_T400_xB0p050_strictref_eyy_sm0p005_ref_matrix_only,400.0,673.15,0.05,eyy,0.0,-0.005,0.0,0.0,400,400,400,0.10000000000000002,6.400000000000003e-23,4000000000.0000005,0.00025124456,absolute peak of last-row F_total_CNT_hat across sibling radius cases; no same-strain reference subtraction detected in summarize_cnt_scan_from_guide.py,0.00025124456,0.000239960758,/data/home/luozhiheng/CUDA_STO_PF/Results/workflows/T400_xB0p050/cnt_scan/current_results_master_table_fitted.csv:F_ref_hat_same_strain,,0.00025124456,1.1283802e-05,,6.431860736000004e-17,6920.564164617522,401.44517149411905,2.8886533120000017e-18,310.8137973687451,18.029555859819148,,,0.000239960758,6.142995404800004e-17,0.9550883728586999,2.8886533120000017e-18,310.8137973687451,/data/home/luozhiheng/CUDA_STO_PF/Results/workflows/T400_xB0p050/cnt_scan/current_results_master_table_fitted.csv:F_ref_hat_same_strain,high,missing unstrained reference case for comparison | r_eff_star reconstructed from thresholded voxel_count volume; this approximates V_h with phi>0.5 geometry
/data/home/luozhiheng/CUDA_STO_PF/Results/workflows/T400_xB0p050/raw/chel_T400_cuda_400x400x400_dt0.03_steps1_r0.000nm_xB0.050/cntcon_T400_xB0p050_strictref_eyy_sm0p0075_ref_matrix_only,400.0,673.15,0.05,eyy,0.0,-0.0075,0.0,0.0,400,400,400,0.10000000000000002,6.400000000000003e-23,4000000000.0000005,0.000536975801,absolute peak of last-row F_total_CNT_hat across sibling radius cases; no same-strain reference subtraction detected in summarize_cnt_scan_from_guide.py,0.000536975801,0.000526041968,/data/home/luozhiheng/CUDA_STO_PF/Results/workflows/T400_xB0p050/cnt_scan/current_results_master_table_fitted.csv:F_ref_hat_same_strain,,0.000536975801,1.0933833000000004e-05,,1.3746580505600009e-16,14791.068454048875,857.9940696850788,2.7990612480000027e-18,301.1738556317897,17.470366179363484,,,0.000526041968,1.3466674380800008e-16,0.9796381271192517,2.7990612480000027e-18,301.1738556317897,/data/home/luozhiheng/CUDA_STO_PF/Results/workflows/T400_xB0p050/cnt_scan/current_results_master_table_fitted.csv:F_ref_hat_same_strain,high,missing unstrained reference case for comparison | r_eff_star reconstructed from thresholded voxel_count volume; this approximates V_h with phi>0.5 geometry
/data/home/luozhiheng/CUDA_STO_PF/Results/workflows/T400_xB0p050/raw/chel_T400_cuda_400x400x400_dt0.03_steps1_r0.000nm_xB0.050/cntcon_T400_xB0p050_strictref_eyy_sm0p01_ref_matrix_only,400.0,673.15,0.05,eyy,0.0,-0.01,0.0,0.0,400,400,400,0.10000000000000002,6.400000000000003e-23,4000000000.0000005,0.000933659428,absolute peak of last-row F_total_CNT_hat across sibling radius cases; no same-strain reference subtraction detected in summarize_cnt_scan_from_guide.py,0.000933659428,0.0009230607,/data/home/luozhiheng/CUDA_STO_PF/Results/workflows/T400_xB0p050/cnt_scan/current_results_master_table_fitted.csv:F_ref_hat_same_strain,,0.000933659428,1.0598728000000028e-05,,2.3901681356800014e-16,25717.770682772567,1491.8256108333694,2.7132743680000085e-18,291.9433447129304,16.934926589373845,,,0.0009230607,2.3630353920000015e-16,0.9886481861777976,2.7132743680000085e-18,291.9433447129304,/data/home/luozhiheng/CUDA_STO_PF/Results/workflows/T400_xB0p050/cnt_scan/current_results_master_table_fitted.csv:F_ref_hat_same_strain,high,missing unstrained reference case for comparison | r_eff_star reconstructed from thresholded voxel_count volume; this approximates V_h with phi>0.5 geometry
