case_dir,T_input,T_K,xB0,mode,strain_values,F_CNT_peak_hat,F_total_CNT_hat_if_available,barrier_J_current,barrier_eV_current,barrier_kBT_current,r_eff_star_nm,voxel_count,spacing_sim_units,dx_nm_or_spacing_physical,volume_from_voxels_m3,mu_reference_if_used,c_tot_if_used,Vm_alpha,Vm_compound,conversion_formula_used,all_conversion_factors,warnings
/data/home/luozhiheng/CUDA_STO_PF/Results/workflows/T400_xB0p050/raw/chel_T400_cuda_400x400x400_dt0.03_steps30000_r1.587nm_xB0.050/cntcon_T400_xB0p050_strictref_exx_eyy_s0p0025_r1p586644,400.0,673.15,0.05,exx_eyy,"{""exx"":0.0025,""exy"":0.0,""eyy"":0.0025,""ezz"":0.0}",0.000143953905,,3.6852199680000024e-17,230.01333871656018,3965.2290831680302,1.8790057242850364,27789.0,spacing_sim_units unavailable,"{""dx_nm"":0.10000000000000002,""dx_source"":""spacing_x * /data/home/luozhiheng/CUDA_STO_PF/Results/workflows/T400_xB0p050/input/physical_inputs.json:phys_dx_ref"",""dy_nm"":0.10000000000000002,""dy_source"":""spacing_y * /data/home/luozhiheng/CUDA_STO_PF/Results/workflows/T400_xB0p050/input/physical_inputs.json:phys_dx_ref"",""dz_nm"":0.10000000000000002,""dz_source"":""spacing_z * /data/home/luozhiheng/CUDA_STO_PF/Results/workflows/T400_xB0p050/input/physical_inputs.json:phys_dx_ref""}",2.778900000000002e-26,164036.0,24384.891121461143,4.1009e-05,4.1009e-05,"barrier_J = F_hat * w_phys * V_box, with w_phys = 12*gamma/lambda_sm from Unit_Psedobinary.py / main_cuda.cu; F_total_CNT_hat is box-averaged hat free-energy density in main_cuda.cu; no extra mu_reference_scale, c_tot, Vm_alpha, Vm_compound, or per-voxel volume factor is multiplied beyond V_box unless explicitly stated.","{""box_volume_m3"":6.400000000000003e-23,""box_volume_source"":""grid_nx,grid_ny,grid_nz; spacing_x * /data/home/luozhiheng/CUDA_STO_PF/Results/workflows/T400_xB0p050/input/physical_inputs.json:phys_dx_ref; spacing_y * /data/home/luozhiheng/CUDA_STO_PF/Results/workflows/T400_xB0p050/input/physical_inputs.json:phys_dx_ref; spacing_z * /data/home/luozhiheng/CUDA_STO_PF/Results/workflows/T400_xB0p050/input/physical_inputs.json:phys_dx_ref"",""c_tot_mol_per_m3_available_not_multiplied"":24384.891121461143,""energy_density_scale_J_per_m3"":4000000000.0000005,""energy_density_scale_source"":""/data/home/luozhiheng/CUDA_STO_PF/Results/workflows/T400_xB0p050/input/physical_inputs.json:12*gamma/lambda_sm"",""mu_reference_scale_J_per_mol_available_not_multiplied"":164036.0,""spacing_sim_units"":null,""volume_from_voxels_m3"":2.778900000000002e-26,""voxel_count"":27789.0,""voxel_volume_m3"":1.0000000000000006e-30}",converted F_CNT_peak_hat from hat free-energy density to J using physical energy density scale and box volume | r_eff_star reconstructed from thresholded voxel_count volume; this approximates V_h with phi>0.5 geometry
/data/home/luozhiheng/CUDA_STO_PF/Results/workflows/T400_xB0p050/raw/chel_T400_cuda_400x400x400_dt0.03_steps30000_r1.575nm_xB0.050/cntcon_T400_xB0p050_strictref_exx_eyy_s0p005_r1p574736,400.0,673.15,0.05,exx_eyy,"{""exx"":0.005,""exy"":0.0,""eyy"":0.005,""ezz"":0.0}",0.000573736679,,1.468765898240001e-16,916.7315682123481,15803.65163175699,1.8662524635122846,27227.0,spacing_sim_units unavailable,"{""dx_nm"":0.10000000000000002,""dx_source"":""spacing_x * /data/home/luozhiheng/CUDA_STO_PF/Results/workflows/T400_xB0p050/input/physical_inputs.json:phys_dx_ref"",""dy_nm"":0.10000000000000002,""dy_source"":""spacing_y * /data/home/luozhiheng/CUDA_STO_PF/Results/workflows/T400_xB0p050/input/physical_inputs.json:phys_dx_ref"",""dz_nm"":0.10000000000000002,""dz_source"":""spacing_z * /data/home/luozhiheng/CUDA_STO_PF/Results/workflows/T400_xB0p050/input/physical_inputs.json:phys_dx_ref""}",2.7227000000000015e-26,164036.0,24384.891121461143,4.1009e-05,4.1009e-05,"barrier_J = F_hat * w_phys * V_box, with w_phys = 12*gamma/lambda_sm from Unit_Psedobinary.py / main_cuda.cu; F_total_CNT_hat is box-averaged hat free-energy density in main_cuda.cu; no extra mu_reference_scale, c_tot, Vm_alpha, Vm_compound, or per-voxel volume factor is multiplied beyond V_box unless explicitly stated.","{""box_volume_m3"":6.400000000000003e-23,""box_volume_source"":""grid_nx,grid_ny,grid_nz; spacing_x * /data/home/luozhiheng/CUDA_STO_PF/Results/workflows/T400_xB0p050/input/physical_inputs.json:phys_dx_ref; spacing_y * /data/home/luozhiheng/CUDA_STO_PF/Results/workflows/T400_xB0p050/input/physical_inputs.json:phys_dx_ref; spacing_z * /data/home/luozhiheng/CUDA_STO_PF/Results/workflows/T400_xB0p050/input/physical_inputs.json:phys_dx_ref"",""c_tot_mol_per_m3_available_not_multiplied"":24384.891121461143,""energy_density_scale_J_per_m3"":4000000000.0000005,""energy_density_scale_source"":""/data/home/luozhiheng/CUDA_STO_PF/Results/workflows/T400_xB0p050/input/physical_inputs.json:12*gamma/lambda_sm"",""mu_reference_scale_J_per_mol_available_not_multiplied"":164036.0,""spacing_sim_units"":null,""volume_from_voxels_m3"":2.7227000000000015e-26,""voxel_count"":27227.0,""voxel_volume_m3"":1.0000000000000006e-30}",converted F_CNT_peak_hat from hat free-energy density to J using physical energy density scale and box volume | r_eff_star reconstructed from thresholded voxel_count volume; this approximates V_h with phi>0.5 geometry
/data/home/luozhiheng/CUDA_STO_PF/Results/workflows/T400_xB0p050/raw/chel_T400_cuda_400x400x400_dt0.03_steps30000_r1.572nm_xB0.050/cntcon_T400_xB0p050_strictref_exx_eyy_s0p0075_r1p571623,400.0,673.15,0.05,exx_eyy,"{""exx"":0.0075,""exy"":0.0,""eyy"":0.0075,""ezz"":0.0}",0.00130197784,,3.3330632704000022e-16,2080.334464795348,35863.1493658216,1.8639648544684417,27127.0,spacing_sim_units unavailable,"{""dx_nm"":0.10000000000000002,""dx_source"":""spacing_x * /data/home/luozhiheng/CUDA_STO_PF/Results/workflows/T400_xB0p050/input/physical_inputs.json:phys_dx_ref"",""dy_nm"":0.10000000000000002,""dy_source"":""spacing_y * /data/home/luozhiheng/CUDA_STO_PF/Results/workflows/T400_xB0p050/input/physical_inputs.json:phys_dx_ref"",""dz_nm"":0.10000000000000002,""dz_source"":""spacing_z * /data/home/luozhiheng/CUDA_STO_PF/Results/workflows/T400_xB0p050/input/physical_inputs.json:phys_dx_ref""}",2.7127000000000015e-26,164036.0,24384.891121461143,4.1009e-05,4.1009e-05,"barrier_J = F_hat * w_phys * V_box, with w_phys = 12*gamma/lambda_sm from Unit_Psedobinary.py / main_cuda.cu; F_total_CNT_hat is box-averaged hat free-energy density in main_cuda.cu; no extra mu_reference_scale, c_tot, Vm_alpha, Vm_compound, or per-voxel volume factor is multiplied beyond V_box unless explicitly stated.","{""box_volume_m3"":6.400000000000003e-23,""box_volume_source"":""grid_nx,grid_ny,grid_nz; spacing_x * /data/home/luozhiheng/CUDA_STO_PF/Results/workflows/T400_xB0p050/input/physical_inputs.json:phys_dx_ref; spacing_y * /data/home/luozhiheng/CUDA_STO_PF/Results/workflows/T400_xB0p050/input/physical_inputs.json:phys_dx_ref; spacing_z * /data/home/luozhiheng/CUDA_STO_PF/Results/workflows/T400_xB0p050/input/physical_inputs.json:phys_dx_ref"",""c_tot_mol_per_m3_available_not_multiplied"":24384.891121461143,""energy_density_scale_J_per_m3"":4000000000.0000005,""energy_density_scale_source"":""/data/home/luozhiheng/CUDA_STO_PF/Results/workflows/T400_xB0p050/input/physical_inputs.json:12*gamma/lambda_sm"",""mu_reference_scale_J_per_mol_available_not_multiplied"":164036.0,""spacing_sim_units"":null,""volume_from_voxels_m3"":2.7127000000000015e-26,""voxel_count"":27127.0,""voxel_volume_m3"":1.0000000000000006e-30}",converted F_CNT_peak_hat from hat free-energy density to J using physical energy density scale and box volume | r_eff_star reconstructed from thresholded voxel_count volume; this approximates V_h with phi>0.5 geometry
/data/home/luozhiheng/CUDA_STO_PF/Results/workflows/T400_xB0p050/raw/chel_T400_cuda_400x400x400_dt0.03_steps30000_r1.577nm_xB0.050/cntcon_T400_xB0p050_strictref_exx_eyy_s0p01_r1p577227,400.0,673.15,0.05,exx_eyy,"{""exx"":0.01,""exy"":0.0,""eyy"":0.01,""ezz"":0.0}",0.00232868491,,5.961433369600003e-16,3720.8340473151625,64143.92947983263,1.7690134588792665,23189.0,spacing_sim_units unavailable,"{""dx_nm"":0.10000000000000002,""dx_source"":""spacing_x * /data/home/luozhiheng/CUDA_STO_PF/Results/workflows/T400_xB0p050/input/physical_inputs.json:phys_dx_ref"",""dy_nm"":0.10000000000000002,""dy_source"":""spacing_y * /data/home/luozhiheng/CUDA_STO_PF/Results/workflows/T400_xB0p050/input/physical_inputs.json:phys_dx_ref"",""dz_nm"":0.10000000000000002,""dz_source"":""spacing_z * /data/home/luozhiheng/CUDA_STO_PF/Results/workflows/T400_xB0p050/input/physical_inputs.json:phys_dx_ref""}",2.3189000000000013e-26,164036.0,24384.891121461143,4.1009e-05,4.1009e-05,"barrier_J = F_hat * w_phys * V_box, with w_phys = 12*gamma/lambda_sm from Unit_Psedobinary.py / main_cuda.cu; F_total_CNT_hat is box-averaged hat free-energy density in main_cuda.cu; no extra mu_reference_scale, c_tot, Vm_alpha, Vm_compound, or per-voxel volume factor is multiplied beyond V_box unless explicitly stated.","{""box_volume_m3"":6.400000000000003e-23,""box_volume_source"":""grid_nx,grid_ny,grid_nz; spacing_x * /data/home/luozhiheng/CUDA_STO_PF/Results/workflows/T400_xB0p050/input/physical_inputs.json:phys_dx_ref; spacing_y * /data/home/luozhiheng/CUDA_STO_PF/Results/workflows/T400_xB0p050/input/physical_inputs.json:phys_dx_ref; spacing_z * /data/home/luozhiheng/CUDA_STO_PF/Results/workflows/T400_xB0p050/input/physical_inputs.json:phys_dx_ref"",""c_tot_mol_per_m3_available_not_multiplied"":24384.891121461143,""energy_density_scale_J_per_m3"":4000000000.0000005,""energy_density_scale_source"":""/data/home/luozhiheng/CUDA_STO_PF/Results/workflows/T400_xB0p050/input/physical_inputs.json:12*gamma/lambda_sm"",""mu_reference_scale_J_per_mol_available_not_multiplied"":164036.0,""spacing_sim_units"":null,""volume_from_voxels_m3"":2.3189000000000013e-26,""voxel_count"":23189.0,""voxel_volume_m3"":1.0000000000000006e-30}",converted F_CNT_peak_hat from hat free-energy density to J using physical energy density scale and box volume | r_eff_star reconstructed from thresholded voxel_count volume; this approximates V_h with phi>0.5 geometry
/data/home/luozhiheng/CUDA_STO_PF/Results/workflows/T400_xB0p050/raw/chel_T400_cuda_400x400x400_dt0.03_steps30000_r1.638nm_xB0.050/cntcon_T400_xB0p050_strictref_exx_eyy_sm0p0025_r1p638315,400.0,673.15,0.05,exx_eyy,"{""exx"":-0.0025,""exy"":0.0,""eyy"":-0.0025,""ezz"":0.0}",0.000179805776,,4.6030278656000023e-17,287.2984019313817,4952.7735445370245,1.9306737550543058,30145.0,spacing_sim_units unavailable,"{""dx_nm"":0.10000000000000002,""dx_source"":""spacing_x * /data/home/luozhiheng/CUDA_STO_PF/Results/workflows/T400_xB0p050/input/physical_inputs.json:phys_dx_ref"",""dy_nm"":0.10000000000000002,""dy_source"":""spacing_y * /data/home/luozhiheng/CUDA_STO_PF/Results/workflows/T400_xB0p050/input/physical_inputs.json:phys_dx_ref"",""dz_nm"":0.10000000000000002,""dz_source"":""spacing_z * /data/home/luozhiheng/CUDA_STO_PF/Results/workflows/T400_xB0p050/input/physical_inputs.json:phys_dx_ref""}",3.0145000000000016e-26,164036.0,24384.891121461143,4.1009e-05,4.1009e-05,"barrier_J = F_hat * w_phys * V_box, with w_phys = 12*gamma/lambda_sm from Unit_Psedobinary.py / main_cuda.cu; F_total_CNT_hat is box-averaged hat free-energy density in main_cuda.cu; no extra mu_reference_scale, c_tot, Vm_alpha, Vm_compound, or per-voxel volume factor is multiplied beyond V_box unless explicitly stated.","{""box_volume_m3"":6.400000000000003e-23,""box_volume_source"":""grid_nx,grid_ny,grid_nz; spacing_x * /data/home/luozhiheng/CUDA_STO_PF/Results/workflows/T400_xB0p050/input/physical_inputs.json:phys_dx_ref; spacing_y * /data/home/luozhiheng/CUDA_STO_PF/Results/workflows/T400_xB0p050/input/physical_inputs.json:phys_dx_ref; spacing_z * /data/home/luozhiheng/CUDA_STO_PF/Results/workflows/T400_xB0p050/input/physical_inputs.json:phys_dx_ref"",""c_tot_mol_per_m3_available_not_multiplied"":24384.891121461143,""energy_density_scale_J_per_m3"":4000000000.0000005,""energy_density_scale_source"":""/data/home/luozhiheng/CUDA_STO_PF/Results/workflows/T400_xB0p050/input/physical_inputs.json:12*gamma/lambda_sm"",""mu_reference_scale_J_per_mol_available_not_multiplied"":164036.0,""spacing_sim_units"":null,""volume_from_voxels_m3"":3.0145000000000016e-26,""voxel_count"":30145.0,""voxel_volume_m3"":1.0000000000000006e-30}",converted F_CNT_peak_hat from hat free-energy density to J using physical energy density scale and box volume | r_eff_star reconstructed from thresholded voxel_count volume; this approximates V_h with phi>0.5 geometry
/data/home/luozhiheng/CUDA_STO_PF/Results/workflows/T400_xB0p050/raw/chel_T400_cuda_400x400x400_dt0.03_steps30000_r1.679nm_xB0.050/cntcon_T400_xB0p050_strictref_exx_eyy_sm0p005_r1p679465,400.0,673.15,0.05,exx_eyy,"{""exx"":-0.005,""exy"":0.0,""eyy"":-0.005,""ezz"":0.0}",0.000645456,,1.652367360000001e-16,1031.326587178278,17779.1696800813,1.971764638571853,32111.0,spacing_sim_units unavailable,"{""dx_nm"":0.10000000000000002,""dx_source"":""spacing_x * /data/home/luozhiheng/CUDA_STO_PF/Results/workflows/T400_xB0p050/input/physical_inputs.json:phys_dx_ref"",""dy_nm"":0.10000000000000002,""dy_source"":""spacing_y * /data/home/luozhiheng/CUDA_STO_PF/Results/workflows/T400_xB0p050/input/physical_inputs.json:phys_dx_ref"",""dz_nm"":0.10000000000000002,""dz_source"":""spacing_z * /data/home/luozhiheng/CUDA_STO_PF/Results/workflows/T400_xB0p050/input/physical_inputs.json:phys_dx_ref""}",3.211100000000002e-26,164036.0,24384.891121461143,4.1009e-05,4.1009e-05,"barrier_J = F_hat * w_phys * V_box, with w_phys = 12*gamma/lambda_sm from Unit_Psedobinary.py / main_cuda.cu; F_total_CNT_hat is box-averaged hat free-energy density in main_cuda.cu; no extra mu_reference_scale, c_tot, Vm_alpha, Vm_compound, or per-voxel volume factor is multiplied beyond V_box unless explicitly stated.","{""box_volume_m3"":6.400000000000003e-23,""box_volume_source"":""grid_nx,grid_ny,grid_nz; spacing_x * /data/home/luozhiheng/CUDA_STO_PF/Results/workflows/T400_xB0p050/input/physical_inputs.json:phys_dx_ref; spacing_y * /data/home/luozhiheng/CUDA_STO_PF/Results/workflows/T400_xB0p050/input/physical_inputs.json:phys_dx_ref; spacing_z * /data/home/luozhiheng/CUDA_STO_PF/Results/workflows/T400_xB0p050/input/physical_inputs.json:phys_dx_ref"",""c_tot_mol_per_m3_available_not_multiplied"":24384.891121461143,""energy_density_scale_J_per_m3"":4000000000.0000005,""energy_density_scale_source"":""/data/home/luozhiheng/CUDA_STO_PF/Results/workflows/T400_xB0p050/input/physical_inputs.json:12*gamma/lambda_sm"",""mu_reference_scale_J_per_mol_available_not_multiplied"":164036.0,""spacing_sim_units"":null,""volume_from_voxels_m3"":3.211100000000002e-26,""voxel_count"":32111.0,""voxel_volume_m3"":1.0000000000000006e-30}",converted F_CNT_peak_hat from hat free-energy density to J using physical energy density scale and box volume | r_eff_star reconstructed from thresholded voxel_count volume; this approximates V_h with phi>0.5 geometry
/data/home/luozhiheng/CUDA_STO_PF/Results/workflows/T400_xB0p050/raw/chel_T400_cuda_400x400x400_dt0.03_steps30000_r1.732nm_xB0.050/cntcon_T400_xB0p050_strictref_exx_eyy_sm0p0075_r1p732283,400.0,673.15,0.05,exx_eyy,"{""exx"":-0.0075,""exy"":0.0,""eyy"":-0.0075,""ezz"":0.0}",0.00140959506,,3.6085633536000025e-16,2252.2880917260977,38827.479722776436,2.025548423197879,34811.0,spacing_sim_units unavailable,"{""dx_nm"":0.10000000000000002,""dx_source"":""spacing_x * /data/home/luozhiheng/CUDA_STO_PF/Results/workflows/T400_xB0p050/input/physical_inputs.json:phys_dx_ref"",""dy_nm"":0.10000000000000002,""dy_source"":""spacing_y * /data/home/luozhiheng/CUDA_STO_PF/Results/workflows/T400_xB0p050/input/physical_inputs.json:phys_dx_ref"",""dz_nm"":0.10000000000000002,""dz_source"":""spacing_z * /data/home/luozhiheng/CUDA_STO_PF/Results/workflows/T400_xB0p050/input/physical_inputs.json:phys_dx_ref""}",3.4811000000000024e-26,164036.0,24384.891121461143,4.1009e-05,4.1009e-05,"barrier_J = F_hat * w_phys * V_box, with w_phys = 12*gamma/lambda_sm from Unit_Psedobinary.py / main_cuda.cu; F_total_CNT_hat is box-averaged hat free-energy density in main_cuda.cu; no extra mu_reference_scale, c_tot, Vm_alpha, Vm_compound, or per-voxel volume factor is multiplied beyond V_box unless explicitly stated.","{""box_volume_m3"":6.400000000000003e-23,""box_volume_source"":""grid_nx,grid_ny,grid_nz; spacing_x * /data/home/luozhiheng/CUDA_STO_PF/Results/workflows/T400_xB0p050/input/physical_inputs.json:phys_dx_ref; spacing_y * /data/home/luozhiheng/CUDA_STO_PF/Results/workflows/T400_xB0p050/input/physical_inputs.json:phys_dx_ref; spacing_z * /data/home/luozhiheng/CUDA_STO_PF/Results/workflows/T400_xB0p050/input/physical_inputs.json:phys_dx_ref"",""c_tot_mol_per_m3_available_not_multiplied"":24384.891121461143,""energy_density_scale_J_per_m3"":4000000000.0000005,""energy_density_scale_source"":""/data/home/luozhiheng/CUDA_STO_PF/Results/workflows/T400_xB0p050/input/physical_inputs.json:12*gamma/lambda_sm"",""mu_reference_scale_J_per_mol_available_not_multiplied"":164036.0,""spacing_sim_units"":null,""volume_from_voxels_m3"":3.4811000000000024e-26,""voxel_count"":34811.0,""voxel_volume_m3"":1.0000000000000006e-30}",converted F_CNT_peak_hat from hat free-energy density to J using physical energy density scale and box volume | r_eff_star reconstructed from thresholded voxel_count volume; this approximates V_h with phi>0.5 geometry
/data/home/luozhiheng/CUDA_STO_PF/Results/workflows/T400_xB0p050/raw/chel_T400_cuda_400x400x400_dt0.03_steps30000_r1.798nm_xB0.050/cntcon_T400_xB0p050_strictref_exx_eyy_sm0p01_r1p798379,400.0,673.15,0.05,exx_eyy,"{""exx"":-0.01,""exy"":0.0,""eyy"":-0.01,""ezz"":0.0}",0.00247222201,,6.328888345600003e-16,3950.1814040311388,68097.67761492905,2.0921139777631153,38357.0,spacing_sim_units unavailable,"{""dx_nm"":0.10000000000000002,""dx_source"":""spacing_x * /data/home/luozhiheng/CUDA_STO_PF/Results/workflows/T400_xB0p050/input/physical_inputs.json:phys_dx_ref"",""dy_nm"":0.10000000000000002,""dy_source"":""spacing_y * /data/home/luozhiheng/CUDA_STO_PF/Results/workflows/T400_xB0p050/input/physical_inputs.json:phys_dx_ref"",""dz_nm"":0.10000000000000002,""dz_source"":""spacing_z * /data/home/luozhiheng/CUDA_STO_PF/Results/workflows/T400_xB0p050/input/physical_inputs.json:phys_dx_ref""}",3.8357000000000025e-26,164036.0,24384.891121461143,4.1009e-05,4.1009e-05,"barrier_J = F_hat * w_phys * V_box, with w_phys = 12*gamma/lambda_sm from Unit_Psedobinary.py / main_cuda.cu; F_total_CNT_hat is box-averaged hat free-energy density in main_cuda.cu; no extra mu_reference_scale, c_tot, Vm_alpha, Vm_compound, or per-voxel volume factor is multiplied beyond V_box unless explicitly stated.","{""box_volume_m3"":6.400000000000003e-23,""box_volume_source"":""grid_nx,grid_ny,grid_nz; spacing_x * /data/home/luozhiheng/CUDA_STO_PF/Results/workflows/T400_xB0p050/input/physical_inputs.json:phys_dx_ref; spacing_y * /data/home/luozhiheng/CUDA_STO_PF/Results/workflows/T400_xB0p050/input/physical_inputs.json:phys_dx_ref; spacing_z * /data/home/luozhiheng/CUDA_STO_PF/Results/workflows/T400_xB0p050/input/physical_inputs.json:phys_dx_ref"",""c_tot_mol_per_m3_available_not_multiplied"":24384.891121461143,""energy_density_scale_J_per_m3"":4000000000.0000005,""energy_density_scale_source"":""/data/home/luozhiheng/CUDA_STO_PF/Results/workflows/T400_xB0p050/input/physical_inputs.json:12*gamma/lambda_sm"",""mu_reference_scale_J_per_mol_available_not_multiplied"":164036.0,""spacing_sim_units"":null,""volume_from_voxels_m3"":3.8357000000000025e-26,""voxel_count"":38357.0,""voxel_volume_m3"":1.0000000000000006e-30}",converted F_CNT_peak_hat from hat free-energy density to J using physical energy density scale and box volume | r_eff_star reconstructed from thresholded voxel_count volume; this approximates V_h with phi>0.5 geometry
/data/home/luozhiheng/CUDA_STO_PF/Results/workflows/T400_xB0p050/raw/chel_T400_cuda_400x400x400_dt0.03_steps30000_r1.577nm_xB0.050/cntcon_T400_xB0p050_strictref_exx_s000_r1p576511,400.0,673.15,0.05,exx,"{""exx"":0.0,""exy"":0.0,""eyy"":0.0,""ezz"":0.0}",1.26363949e-05,,3.234917094400002e-18,20.190764399825856,348.0711451618917,1.9687306766497694,31963.0,spacing_sim_units unavailable,"{""dx_nm"":0.10000000000000002,""dx_source"":""spacing_x * /data/home/luozhiheng/CUDA_STO_PF/Results/workflows/T400_xB0p050/input/physical_inputs.json:phys_dx_ref"",""dy_nm"":0.10000000000000002,""dy_source"":""spacing_y * /data/home/luozhiheng/CUDA_STO_PF/Results/workflows/T400_xB0p050/input/physical_inputs.json:phys_dx_ref"",""dz_nm"":0.10000000000000002,""dz_source"":""spacing_z * /data/home/luozhiheng/CUDA_STO_PF/Results/workflows/T400_xB0p050/input/physical_inputs.json:phys_dx_ref""}",3.196300000000002e-26,164036.0,24384.891121461143,4.1009e-05,4.1009e-05,"barrier_J = F_hat * w_phys * V_box, with w_phys = 12*gamma/lambda_sm from Unit_Psedobinary.py / main_cuda.cu; F_total_CNT_hat is box-averaged hat free-energy density in main_cuda.cu; no extra mu_reference_scale, c_tot, Vm_alpha, Vm_compound, or per-voxel volume factor is multiplied beyond V_box unless explicitly stated.","{""box_volume_m3"":6.400000000000003e-23,""box_volume_source"":""grid_nx,grid_ny,grid_nz; spacing_x * /data/home/luozhiheng/CUDA_STO_PF/Results/workflows/T400_xB0p050/input/physical_inputs.json:phys_dx_ref; spacing_y * /data/home/luozhiheng/CUDA_STO_PF/Results/workflows/T400_xB0p050/input/physical_inputs.json:phys_dx_ref; spacing_z * /data/home/luozhiheng/CUDA_STO_PF/Results/workflows/T400_xB0p050/input/physical_inputs.json:phys_dx_ref"",""c_tot_mol_per_m3_available_not_multiplied"":24384.891121461143,""energy_density_scale_J_per_m3"":4000000000.0000005,""energy_density_scale_source"":""/data/home/luozhiheng/CUDA_STO_PF/Results/workflows/T400_xB0p050/input/physical_inputs.json:12*gamma/lambda_sm"",""mu_reference_scale_J_per_mol_available_not_multiplied"":164036.0,""spacing_sim_units"":null,""volume_from_voxels_m3"":3.196300000000002e-26,""voxel_count"":31963.0,""voxel_volume_m3"":1.0000000000000006e-30}",converted F_CNT_peak_hat from hat free-energy density to J using physical energy density scale and box volume | r_eff_star reconstructed from thresholded voxel_count volume; this approximates V_h with phi>0.5 geometry
/data/home/luozhiheng/CUDA_STO_PF/Results/workflows/T400_xB0p050/raw/chel_T400_cuda_400x400x400_dt0.03_steps30000_r1.534nm_xB0.050/cntcon_T400_xB0p050_strictref_exx_s0p0025_r1p533967,400.0,673.15,0.05,exx,"{""exx"":0.0025,""exy"":0.0,""eyy"":0.0,""ezz"":0.0}",8.7428708e-05,,2.238174924800001e-17,139.69589103369742,2408.2351615637335,1.8269546398197938,25543.0,spacing_sim_units unavailable,"{""dx_nm"":0.10000000000000002,""dx_source"":""spacing_x * /data/home/luozhiheng/CUDA_STO_PF/Results/workflows/T400_xB0p050/input/physical_inputs.json:phys_dx_ref"",""dy_nm"":0.10000000000000002,""dy_source"":""spacing_y * /data/home/luozhiheng/CUDA_STO_PF/Results/workflows/T400_xB0p050/input/physical_inputs.json:phys_dx_ref"",""dz_nm"":0.10000000000000002,""dz_source"":""spacing_z * /data/home/luozhiheng/CUDA_STO_PF/Results/workflows/T400_xB0p050/input/physical_inputs.json:phys_dx_ref""}",2.5543000000000015e-26,164036.0,24384.891121461143,4.1009e-05,4.1009e-05,"barrier_J = F_hat * w_phys * V_box, with w_phys = 12*gamma/lambda_sm from Unit_Psedobinary.py / main_cuda.cu; F_total_CNT_hat is box-averaged hat free-energy density in main_cuda.cu; no extra mu_reference_scale, c_tot, Vm_alpha, Vm_compound, or per-voxel volume factor is multiplied beyond V_box unless explicitly stated.","{""box_volume_m3"":6.400000000000003e-23,""box_volume_source"":""grid_nx,grid_ny,grid_nz; spacing_x * /data/home/luozhiheng/CUDA_STO_PF/Results/workflows/T400_xB0p050/input/physical_inputs.json:phys_dx_ref; spacing_y * /data/home/luozhiheng/CUDA_STO_PF/Results/workflows/T400_xB0p050/input/physical_inputs.json:phys_dx_ref; spacing_z * /data/home/luozhiheng/CUDA_STO_PF/Results/workflows/T400_xB0p050/input/physical_inputs.json:phys_dx_ref"",""c_tot_mol_per_m3_available_not_multiplied"":24384.891121461143,""energy_density_scale_J_per_m3"":4000000000.0000005,""energy_density_scale_source"":""/data/home/luozhiheng/CUDA_STO_PF/Results/workflows/T400_xB0p050/input/physical_inputs.json:12*gamma/lambda_sm"",""mu_reference_scale_J_per_mol_available_not_multiplied"":164036.0,""spacing_sim_units"":null,""volume_from_voxels_m3"":2.5543000000000015e-26,""voxel_count"":25543.0,""voxel_volume_m3"":1.0000000000000006e-30}",converted F_CNT_peak_hat from hat free-energy density to J using physical energy density scale and box volume | r_eff_star reconstructed from thresholded voxel_count volume; this approximates V_h with phi>0.5 geometry
/data/home/luozhiheng/CUDA_STO_PF/Results/workflows/T400_xB0p050/raw/chel_T400_cuda_400x400x400_dt0.03_steps30000_r1.495nm_xB0.050/cntcon_T400_xB0p050_strictref_exx_s0p005_r1p495370,400.0,673.15,0.05,exx,"{""exx"":0.005,""exy"":0.0,""eyy"":0.0,""ezz"":0.0}",0.00033101062,,8.473871872000005e-17,528.8974818490584,9117.730687899582,1.7862385705000534,23873.0,spacing_sim_units unavailable,"{""dx_nm"":0.10000000000000002,""dx_source"":""spacing_x * /data/home/luozhiheng/CUDA_STO_PF/Results/workflows/T400_xB0p050/input/physical_inputs.json:phys_dx_ref"",""dy_nm"":0.10000000000000002,""dy_source"":""spacing_y * /data/home/luozhiheng/CUDA_STO_PF/Results/workflows/T400_xB0p050/input/physical_inputs.json:phys_dx_ref"",""dz_nm"":0.10000000000000002,""dz_source"":""spacing_z * /data/home/luozhiheng/CUDA_STO_PF/Results/workflows/T400_xB0p050/input/physical_inputs.json:phys_dx_ref""}",2.3873000000000016e-26,164036.0,24384.891121461143,4.1009e-05,4.1009e-05,"barrier_J = F_hat * w_phys * V_box, with w_phys = 12*gamma/lambda_sm from Unit_Psedobinary.py / main_cuda.cu; F_total_CNT_hat is box-averaged hat free-energy density in main_cuda.cu; no extra mu_reference_scale, c_tot, Vm_alpha, Vm_compound, or per-voxel volume factor is multiplied beyond V_box unless explicitly stated.","{""box_volume_m3"":6.400000000000003e-23,""box_volume_source"":""grid_nx,grid_ny,grid_nz; spacing_x * /data/home/luozhiheng/CUDA_STO_PF/Results/workflows/T400_xB0p050/input/physical_inputs.json:phys_dx_ref; spacing_y * /data/home/luozhiheng/CUDA_STO_PF/Results/workflows/T400_xB0p050/input/physical_inputs.json:phys_dx_ref; spacing_z * /data/home/luozhiheng/CUDA_STO_PF/Results/workflows/T400_xB0p050/input/physical_inputs.json:phys_dx_ref"",""c_tot_mol_per_m3_available_not_multiplied"":24384.891121461143,""energy_density_scale_J_per_m3"":4000000000.0000005,""energy_density_scale_source"":""/data/home/luozhiheng/CUDA_STO_PF/Results/workflows/T400_xB0p050/input/physical_inputs.json:12*gamma/lambda_sm"",""mu_reference_scale_J_per_mol_available_not_multiplied"":164036.0,""spacing_sim_units"":null,""volume_from_voxels_m3"":2.3873000000000016e-26,""voxel_count"":23873.0,""voxel_volume_m3"":1.0000000000000006e-30}",converted F_CNT_peak_hat from hat free-energy density to J using physical energy density scale and box volume | r_eff_star reconstructed from thresholded voxel_count volume; this approximates V_h with phi>0.5 geometry
/data/home/luozhiheng/CUDA_STO_PF/Results/workflows/T400_xB0p050/raw/chel_T400_cuda_400x400x400_dt0.03_steps30000_r1.460nm_xB0.050/cntcon_T400_xB0p050_strictref_exx_s0p0075_r1p460371,400.0,673.15,0.05,exx,"{""exx"":0.0075,""exy"":0.0,""eyy"":0.0,""ezz"":0.0}",0.000743358442,,1.9029976115200013e-16,1187.7576860979245,20475.905210330176,1.7523796045343079,22541.0,spacing_sim_units unavailable,"{""dx_nm"":0.10000000000000002,""dx_source"":""spacing_x * /data/home/luozhiheng/CUDA_STO_PF/Results/workflows/T400_xB0p050/input/physical_inputs.json:phys_dx_ref"",""dy_nm"":0.10000000000000002,""dy_source"":""spacing_y * /data/home/luozhiheng/CUDA_STO_PF/Results/workflows/T400_xB0p050/input/physical_inputs.json:phys_dx_ref"",""dz_nm"":0.10000000000000002,""dz_source"":""spacing_z * /data/home/luozhiheng/CUDA_STO_PF/Results/workflows/T400_xB0p050/input/physical_inputs.json:phys_dx_ref""}",2.2541000000000015e-26,164036.0,24384.891121461143,4.1009e-05,4.1009e-05,"barrier_J = F_hat * w_phys * V_box, with w_phys = 12*gamma/lambda_sm from Unit_Psedobinary.py / main_cuda.cu; F_total_CNT_hat is box-averaged hat free-energy density in main_cuda.cu; no extra mu_reference_scale, c_tot, Vm_alpha, Vm_compound, or per-voxel volume factor is multiplied beyond V_box unless explicitly stated.","{""box_volume_m3"":6.400000000000003e-23,""box_volume_source"":""grid_nx,grid_ny,grid_nz; spacing_x * /data/home/luozhiheng/CUDA_STO_PF/Results/workflows/T400_xB0p050/input/physical_inputs.json:phys_dx_ref; spacing_y * /data/home/luozhiheng/CUDA_STO_PF/Results/workflows/T400_xB0p050/input/physical_inputs.json:phys_dx_ref; spacing_z * /data/home/luozhiheng/CUDA_STO_PF/Results/workflows/T400_xB0p050/input/physical_inputs.json:phys_dx_ref"",""c_tot_mol_per_m3_available_not_multiplied"":24384.891121461143,""energy_density_scale_J_per_m3"":4000000000.0000005,""energy_density_scale_source"":""/data/home/luozhiheng/CUDA_STO_PF/Results/workflows/T400_xB0p050/input/physical_inputs.json:12*gamma/lambda_sm"",""mu_reference_scale_J_per_mol_available_not_multiplied"":164036.0,""spacing_sim_units"":null,""volume_from_voxels_m3"":2.2541000000000015e-26,""voxel_count"":22541.0,""voxel_volume_m3"":1.0000000000000006e-30}",converted F_CNT_peak_hat from hat free-energy density to J using physical energy density scale and box volume | r_eff_star reconstructed from thresholded voxel_count volume; this approximates V_h with phi>0.5 geometry
/data/home/luozhiheng/CUDA_STO_PF/Results/workflows/T400_xB0p050/raw/chel_T400_cuda_400x400x400_dt0.03_steps30000_r1.429nm_xB0.050/cntcon_T400_xB0p050_strictref_exx_s0p01_r1p428669,400.0,673.15,0.05,exx,"{""exx"":0.01,""exy"":0.0,""eyy"":0.0,""ezz"":0.0}",0.00132448492,,3.390681395200002e-16,2116.2968696746093,36483.10981908745,1.620249851165781,17817.0,spacing_sim_units unavailable,"{""dx_nm"":0.10000000000000002,""dx_source"":""spacing_x * /data/home/luozhiheng/CUDA_STO_PF/Results/workflows/T400_xB0p050/input/physical_inputs.json:phys_dx_ref"",""dy_nm"":0.10000000000000002,""dy_source"":""spacing_y * /data/home/luozhiheng/CUDA_STO_PF/Results/workflows/T400_xB0p050/input/physical_inputs.json:phys_dx_ref"",""dz_nm"":0.10000000000000002,""dz_source"":""spacing_z * /data/home/luozhiheng/CUDA_STO_PF/Results/workflows/T400_xB0p050/input/physical_inputs.json:phys_dx_ref""}",1.781700000000001e-26,164036.0,24384.891121461143,4.1009e-05,4.1009e-05,"barrier_J = F_hat * w_phys * V_box, with w_phys = 12*gamma/lambda_sm from Unit_Psedobinary.py / main_cuda.cu; F_total_CNT_hat is box-averaged hat free-energy density in main_cuda.cu; no extra mu_reference_scale, c_tot, Vm_alpha, Vm_compound, or per-voxel volume factor is multiplied beyond V_box unless explicitly stated.","{""box_volume_m3"":6.400000000000003e-23,""box_volume_source"":""grid_nx,grid_ny,grid_nz; spacing_x * /data/home/luozhiheng/CUDA_STO_PF/Results/workflows/T400_xB0p050/input/physical_inputs.json:phys_dx_ref; spacing_y * /data/home/luozhiheng/CUDA_STO_PF/Results/workflows/T400_xB0p050/input/physical_inputs.json:phys_dx_ref; spacing_z * /data/home/luozhiheng/CUDA_STO_PF/Results/workflows/T400_xB0p050/input/physical_inputs.json:phys_dx_ref"",""c_tot_mol_per_m3_available_not_multiplied"":24384.891121461143,""energy_density_scale_J_per_m3"":4000000000.0000005,""energy_density_scale_source"":""/data/home/luozhiheng/CUDA_STO_PF/Results/workflows/T400_xB0p050/input/physical_inputs.json:12*gamma/lambda_sm"",""mu_reference_scale_J_per_mol_available_not_multiplied"":164036.0,""spacing_sim_units"":null,""volume_from_voxels_m3"":1.781700000000001e-26,""voxel_count"":17817.0,""voxel_volume_m3"":1.0000000000000006e-30}",converted F_CNT_peak_hat from hat free-energy density to J using physical energy density scale and box volume | r_eff_star reconstructed from thresholded voxel_count volume; this approximates V_h with phi>0.5 geometry
/data/home/luozhiheng/CUDA_STO_PF/Results/workflows/T400_xB0p050/raw/chel_T400_cuda_400x400x400_dt0.03_steps30000_r1.623nm_xB0.050/cntcon_T400_xB0p050_strictref_exx_sm0p0025_r1p623406,400.0,673.15,0.05,exx,"{""exx"":-0.0025,""exy"":0.0,""eyy"":0.0,""ezz"":0.0}",0.000106619777,,2.7294662912000016e-17,170.35988624959575,2936.8556594646725,2.0155295728177025,34297.0,spacing_sim_units unavailable,"{""dx_nm"":0.10000000000000002,""dx_source"":""spacing_x * /data/home/luozhiheng/CUDA_STO_PF/Results/workflows/T400_xB0p050/input/physical_inputs.json:phys_dx_ref"",""dy_nm"":0.10000000000000002,""dy_source"":""spacing_y * /data/home/luozhiheng/CUDA_STO_PF/Results/workflows/T400_xB0p050/input/physical_inputs.json:phys_dx_ref"",""dz_nm"":0.10000000000000002,""dz_source"":""spacing_z * /data/home/luozhiheng/CUDA_STO_PF/Results/workflows/T400_xB0p050/input/physical_inputs.json:phys_dx_ref""}",3.429700000000002e-26,164036.0,24384.891121461143,4.1009e-05,4.1009e-05,"barrier_J = F_hat * w_phys * V_box, with w_phys = 12*gamma/lambda_sm from Unit_Psedobinary.py / main_cuda.cu; F_total_CNT_hat is box-averaged hat free-energy density in main_cuda.cu; no extra mu_reference_scale, c_tot, Vm_alpha, Vm_compound, or per-voxel volume factor is multiplied beyond V_box unless explicitly stated.","{""box_volume_m3"":6.400000000000003e-23,""box_volume_source"":""grid_nx,grid_ny,grid_nz; spacing_x * /data/home/luozhiheng/CUDA_STO_PF/Results/workflows/T400_xB0p050/input/physical_inputs.json:phys_dx_ref; spacing_y * /data/home/luozhiheng/CUDA_STO_PF/Results/workflows/T400_xB0p050/input/physical_inputs.json:phys_dx_ref; spacing_z * /data/home/luozhiheng/CUDA_STO_PF/Results/workflows/T400_xB0p050/input/physical_inputs.json:phys_dx_ref"",""c_tot_mol_per_m3_available_not_multiplied"":24384.891121461143,""energy_density_scale_J_per_m3"":4000000000.0000005,""energy_density_scale_source"":""/data/home/luozhiheng/CUDA_STO_PF/Results/workflows/T400_xB0p050/input/physical_inputs.json:12*gamma/lambda_sm"",""mu_reference_scale_J_per_mol_available_not_multiplied"":164036.0,""spacing_sim_units"":null,""volume_from_voxels_m3"":3.429700000000002e-26,""voxel_count"":34297.0,""voxel_volume_m3"":1.0000000000000006e-30}",converted F_CNT_peak_hat from hat free-energy density to J using physical energy density scale and box volume | r_eff_star reconstructed from thresholded voxel_count volume; this approximates V_h with phi>0.5 geometry
/data/home/luozhiheng/CUDA_STO_PF/Results/workflows/T400_xB0p050/raw/chel_T400_cuda_400x400x400_dt0.03_steps30000_r1.675nm_xB0.050/cntcon_T400_xB0p050_strictref_exx_sm0p005_r1p675128,400.0,673.15,0.05,exx,"{""exx"":-0.005,""exy"":0.0,""eyy"":0.0,""ezz"":0.0}",0.000369351177,,9.455390131200007e-17,590.1590330645159,10173.826329634774,2.066903334977801,36987.0,spacing_sim_units unavailable,"{""dx_nm"":0.10000000000000002,""dx_source"":""spacing_x * /data/home/luozhiheng/CUDA_STO_PF/Results/workflows/T400_xB0p050/input/physical_inputs.json:phys_dx_ref"",""dy_nm"":0.10000000000000002,""dy_source"":""spacing_y * /data/home/luozhiheng/CUDA_STO_PF/Results/workflows/T400_xB0p050/input/physical_inputs.json:phys_dx_ref"",""dz_nm"":0.10000000000000002,""dz_source"":""spacing_z * /data/home/luozhiheng/CUDA_STO_PF/Results/workflows/T400_xB0p050/input/physical_inputs.json:phys_dx_ref""}",3.698700000000002e-26,164036.0,24384.891121461143,4.1009e-05,4.1009e-05,"barrier_J = F_hat * w_phys * V_box, with w_phys = 12*gamma/lambda_sm from Unit_Psedobinary.py / main_cuda.cu; F_total_CNT_hat is box-averaged hat free-energy density in main_cuda.cu; no extra mu_reference_scale, c_tot, Vm_alpha, Vm_compound, or per-voxel volume factor is multiplied beyond V_box unless explicitly stated.","{""box_volume_m3"":6.400000000000003e-23,""box_volume_source"":""grid_nx,grid_ny,grid_nz; spacing_x * /data/home/luozhiheng/CUDA_STO_PF/Results/workflows/T400_xB0p050/input/physical_inputs.json:phys_dx_ref; spacing_y * /data/home/luozhiheng/CUDA_STO_PF/Results/workflows/T400_xB0p050/input/physical_inputs.json:phys_dx_ref; spacing_z * /data/home/luozhiheng/CUDA_STO_PF/Results/workflows/T400_xB0p050/input/physical_inputs.json:phys_dx_ref"",""c_tot_mol_per_m3_available_not_multiplied"":24384.891121461143,""energy_density_scale_J_per_m3"":4000000000.0000005,""energy_density_scale_source"":""/data/home/luozhiheng/CUDA_STO_PF/Results/workflows/T400_xB0p050/input/physical_inputs.json:12*gamma/lambda_sm"",""mu_reference_scale_J_per_mol_available_not_multiplied"":164036.0,""spacing_sim_units"":null,""volume_from_voxels_m3"":3.698700000000002e-26,""voxel_count"":36987.0,""voxel_volume_m3"":1.0000000000000006e-30}",converted F_CNT_peak_hat from hat free-energy density to J using physical energy density scale and box volume | r_eff_star reconstructed from thresholded voxel_count volume; this approximates V_h with phi>0.5 geometry
/data/home/luozhiheng/CUDA_STO_PF/Results/workflows/T400_xB0p050/raw/chel_T400_cuda_400x400x400_dt0.03_steps30000_r1.732nm_xB0.050/cntcon_T400_xB0p050_strictref_exx_sm0p0075_r1p732232,400.0,673.15,0.05,exx,"{""exx"":-0.0075,""exy"":0.0,""eyy"":0.0,""ezz"":0.0}",0.000800821865,,2.0501039744000013e-16,1279.5742559805683,22058.742689438415,2.126102832661049,40257.0,spacing_sim_units unavailable,"{""dx_nm"":0.10000000000000002,""dx_source"":""spacing_x * /data/home/luozhiheng/CUDA_STO_PF/Results/workflows/T400_xB0p050/input/physical_inputs.json:phys_dx_ref"",""dy_nm"":0.10000000000000002,""dy_source"":""spacing_y * /data/home/luozhiheng/CUDA_STO_PF/Results/workflows/T400_xB0p050/input/physical_inputs.json:phys_dx_ref"",""dz_nm"":0.10000000000000002,""dz_source"":""spacing_z * /data/home/luozhiheng/CUDA_STO_PF/Results/workflows/T400_xB0p050/input/physical_inputs.json:phys_dx_ref""}",4.0257000000000026e-26,164036.0,24384.891121461143,4.1009e-05,4.1009e-05,"barrier_J = F_hat * w_phys * V_box, with w_phys = 12*gamma/lambda_sm from Unit_Psedobinary.py / main_cuda.cu; F_total_CNT_hat is box-averaged hat free-energy density in main_cuda.cu; no extra mu_reference_scale, c_tot, Vm_alpha, Vm_compound, or per-voxel volume factor is multiplied beyond V_box unless explicitly stated.","{""box_volume_m3"":6.400000000000003e-23,""box_volume_source"":""grid_nx,grid_ny,grid_nz; spacing_x * /data/home/luozhiheng/CUDA_STO_PF/Results/workflows/T400_xB0p050/input/physical_inputs.json:phys_dx_ref; spacing_y * /data/home/luozhiheng/CUDA_STO_PF/Results/workflows/T400_xB0p050/input/physical_inputs.json:phys_dx_ref; spacing_z * /data/home/luozhiheng/CUDA_STO_PF/Results/workflows/T400_xB0p050/input/physical_inputs.json:phys_dx_ref"",""c_tot_mol_per_m3_available_not_multiplied"":24384.891121461143,""energy_density_scale_J_per_m3"":4000000000.0000005,""energy_density_scale_source"":""/data/home/luozhiheng/CUDA_STO_PF/Results/workflows/T400_xB0p050/input/physical_inputs.json:12*gamma/lambda_sm"",""mu_reference_scale_J_per_mol_available_not_multiplied"":164036.0,""spacing_sim_units"":null,""volume_from_voxels_m3"":4.0257000000000026e-26,""voxel_count"":40257.0,""voxel_volume_m3"":1.0000000000000006e-30}",converted F_CNT_peak_hat from hat free-energy density to J using physical energy density scale and box volume | r_eff_star reconstructed from thresholded voxel_count volume; this approximates V_h with phi>0.5 geometry
/data/home/luozhiheng/CUDA_STO_PF/Results/workflows/T400_xB0p050/raw/chel_T400_cuda_400x400x400_dt0.03_steps30000_r1.795nm_xB0.050/cntcon_T400_xB0p050_strictref_exx_sm0p01_r1p795377,400.0,673.15,0.05,exx,"{""exx"":-0.01,""exy"":0.0,""eyy"":0.0,""ezz"":0.0}",0.001401018,,3.5866060800000024e-16,2238.583439483616,38591.22348672589,2.1889079233244257,43931.0,spacing_sim_units unavailable,"{""dx_nm"":0.10000000000000002,""dx_source"":""spacing_x * /data/home/luozhiheng/CUDA_STO_PF/Results/workflows/T400_xB0p050/input/physical_inputs.json:phys_dx_ref"",""dy_nm"":0.10000000000000002,""dy_source"":""spacing_y * /data/home/luozhiheng/CUDA_STO_PF/Results/workflows/T400_xB0p050/input/physical_inputs.json:phys_dx_ref"",""dz_nm"":0.10000000000000002,""dz_source"":""spacing_z * /data/home/luozhiheng/CUDA_STO_PF/Results/workflows/T400_xB0p050/input/physical_inputs.json:phys_dx_ref""}",4.3931000000000024e-26,164036.0,24384.891121461143,4.1009e-05,4.1009e-05,"barrier_J = F_hat * w_phys * V_box, with w_phys = 12*gamma/lambda_sm from Unit_Psedobinary.py / main_cuda.cu; F_total_CNT_hat is box-averaged hat free-energy density in main_cuda.cu; no extra mu_reference_scale, c_tot, Vm_alpha, Vm_compound, or per-voxel volume factor is multiplied beyond V_box unless explicitly stated.","{""box_volume_m3"":6.400000000000003e-23,""box_volume_source"":""grid_nx,grid_ny,grid_nz; spacing_x * /data/home/luozhiheng/CUDA_STO_PF/Results/workflows/T400_xB0p050/input/physical_inputs.json:phys_dx_ref; spacing_y * /data/home/luozhiheng/CUDA_STO_PF/Results/workflows/T400_xB0p050/input/physical_inputs.json:phys_dx_ref; spacing_z * /data/home/luozhiheng/CUDA_STO_PF/Results/workflows/T400_xB0p050/input/physical_inputs.json:phys_dx_ref"",""c_tot_mol_per_m3_available_not_multiplied"":24384.891121461143,""energy_density_scale_J_per_m3"":4000000000.0000005,""energy_density_scale_source"":""/data/home/luozhiheng/CUDA_STO_PF/Results/workflows/T400_xB0p050/input/physical_inputs.json:12*gamma/lambda_sm"",""mu_reference_scale_J_per_mol_available_not_multiplied"":164036.0,""spacing_sim_units"":null,""volume_from_voxels_m3"":4.3931000000000024e-26,""voxel_count"":43931.0,""voxel_volume_m3"":1.0000000000000006e-30}",converted F_CNT_peak_hat from hat free-energy density to J using physical energy density scale and box volume | r_eff_star reconstructed from thresholded voxel_count volume; this approximates V_h with phi>0.5 geometry
/data/home/luozhiheng/CUDA_STO_PF/Results/workflows/T400_xB0p050/raw/chel_T400_cuda_400x400x400_dt0.03_steps30000_r1.361nm_xB0.050/cntcon_T400_xB0p050_strictref_eyy_s0p0025_r1p361050,400.0,673.15,0.05,eyy,"{""exx"":0.0,""exy"":0.0,""eyy"":0.0025,""ezz"":0.0}",5.97919417e-05,,1.530673707520001e-17,95.53713835524586,1646.976830311948,1.9535438145329262,31229.0,spacing_sim_units unavailable,"{""dx_nm"":0.10000000000000002,""dx_source"":""spacing_x * /data/home/luozhiheng/CUDA_STO_PF/Results/workflows/T400_xB0p050/input/physical_inputs.json:phys_dx_ref"",""dy_nm"":0.10000000000000002,""dy_source"":""spacing_y * /data/home/luozhiheng/CUDA_STO_PF/Results/workflows/T400_xB0p050/input/physical_inputs.json:phys_dx_ref"",""dz_nm"":0.10000000000000002,""dz_source"":""spacing_z * /data/home/luozhiheng/CUDA_STO_PF/Results/workflows/T400_xB0p050/input/physical_inputs.json:phys_dx_ref""}",3.122900000000002e-26,164036.0,24384.891121461143,4.1009e-05,4.1009e-05,"barrier_J = F_hat * w_phys * V_box, with w_phys = 12*gamma/lambda_sm from Unit_Psedobinary.py / main_cuda.cu; F_total_CNT_hat is box-averaged hat free-energy density in main_cuda.cu; no extra mu_reference_scale, c_tot, Vm_alpha, Vm_compound, or per-voxel volume factor is multiplied beyond V_box unless explicitly stated.","{""box_volume_m3"":6.400000000000003e-23,""box_volume_source"":""grid_nx,grid_ny,grid_nz; spacing_x * /data/home/luozhiheng/CUDA_STO_PF/Results/workflows/T400_xB0p050/input/physical_inputs.json:phys_dx_ref; spacing_y * /data/home/luozhiheng/CUDA_STO_PF/Results/workflows/T400_xB0p050/input/physical_inputs.json:phys_dx_ref; spacing_z * /data/home/luozhiheng/CUDA_STO_PF/Results/workflows/T400_xB0p050/input/physical_inputs.json:phys_dx_ref"",""c_tot_mol_per_m3_available_not_multiplied"":24384.891121461143,""energy_density_scale_J_per_m3"":4000000000.0000005,""energy_density_scale_source"":""/data/home/luozhiheng/CUDA_STO_PF/Results/workflows/T400_xB0p050/input/physical_inputs.json:12*gamma/lambda_sm"",""mu_reference_scale_J_per_mol_available_not_multiplied"":164036.0,""spacing_sim_units"":null,""volume_from_voxels_m3"":3.122900000000002e-26,""voxel_count"":31229.0,""voxel_volume_m3"":1.0000000000000006e-30}",converted F_CNT_peak_hat from hat free-energy density to J using physical energy density scale and box volume | r_eff_star reconstructed from thresholded voxel_count volume; this approximates V_h with phi>0.5 geometry
/data/home/luozhiheng/CUDA_STO_PF/Results/workflows/T400_xB0p050/raw/chel_T400_cuda_400x400x400_dt0.03_steps30000_r1.391nm_xB0.050/cntcon_T400_xB0p050_strictref_eyy_s0p005_r1p390869,400.0,673.15,0.05,eyy,"{""exx"":0.0,""exy"":0.0,""eyy"":0.005,""ezz"":0.0}",0.000217897009,,5.578163430400003e-17,348.161576696668,6002.001524183217,1.9833227019011366,32679.0,spacing_sim_units unavailable,"{""dx_nm"":0.10000000000000002,""dx_source"":""spacing_x * /data/home/luozhiheng/CUDA_STO_PF/Results/workflows/T400_xB0p050/input/physical_inputs.json:phys_dx_ref"",""dy_nm"":0.10000000000000002,""dy_source"":""spacing_y * /data/home/luozhiheng/CUDA_STO_PF/Results/workflows/T400_xB0p050/input/physical_inputs.json:phys_dx_ref"",""dz_nm"":0.10000000000000002,""dz_source"":""spacing_z * /data/home/luozhiheng/CUDA_STO_PF/Results/workflows/T400_xB0p050/input/physical_inputs.json:phys_dx_ref""}",3.267900000000002e-26,164036.0,24384.891121461143,4.1009e-05,4.1009e-05,"barrier_J = F_hat * w_phys * V_box, with w_phys = 12*gamma/lambda_sm from Unit_Psedobinary.py / main_cuda.cu; F_total_CNT_hat is box-averaged hat free-energy density in main_cuda.cu; no extra mu_reference_scale, c_tot, Vm_alpha, Vm_compound, or per-voxel volume factor is multiplied beyond V_box unless explicitly stated.","{""box_volume_m3"":6.400000000000003e-23,""box_volume_source"":""grid_nx,grid_ny,grid_nz; spacing_x * /data/home/luozhiheng/CUDA_STO_PF/Results/workflows/T400_xB0p050/input/physical_inputs.json:phys_dx_ref; spacing_y * /data/home/luozhiheng/CUDA_STO_PF/Results/workflows/T400_xB0p050/input/physical_inputs.json:phys_dx_ref; spacing_z * /data/home/luozhiheng/CUDA_STO_PF/Results/workflows/T400_xB0p050/input/physical_inputs.json:phys_dx_ref"",""c_tot_mol_per_m3_available_not_multiplied"":24384.891121461143,""energy_density_scale_J_per_m3"":4000000000.0000005,""energy_density_scale_source"":""/data/home/luozhiheng/CUDA_STO_PF/Results/workflows/T400_xB0p050/input/physical_inputs.json:12*gamma/lambda_sm"",""mu_reference_scale_J_per_mol_available_not_multiplied"":164036.0,""spacing_sim_units"":null,""volume_from_voxels_m3"":3.267900000000002e-26,""voxel_count"":32679.0,""voxel_volume_m3"":1.0000000000000006e-30}",converted F_CNT_peak_hat from hat free-energy density to J using physical energy density scale and box volume | r_eff_star reconstructed from thresholded voxel_count volume; this approximates V_h with phi>0.5 geometry
/data/home/luozhiheng/CUDA_STO_PF/Results/workflows/T400_xB0p050/raw/chel_T400_cuda_400x400x400_dt0.03_steps30000_r1.425nm_xB0.050/cntcon_T400_xB0p050_strictref_eyy_s0p0075_r1p424702,400.0,673.15,0.05,eyy,"{""exx"":0.0,""exy"":0.0,""eyy"":0.0075,""ezz"":0.0}",0.000486967787,,1.2466375347200007e-16,778.0899485518279,13413.591187945714,2.01717370546341,34381.0,spacing_sim_units unavailable,"{""dx_nm"":0.10000000000000002,""dx_source"":""spacing_x * /data/home/luozhiheng/CUDA_STO_PF/Results/workflows/T400_xB0p050/input/physical_inputs.json:phys_dx_ref"",""dy_nm"":0.10000000000000002,""dy_source"":""spacing_y * /data/home/luozhiheng/CUDA_STO_PF/Results/workflows/T400_xB0p050/input/physical_inputs.json:phys_dx_ref"",""dz_nm"":0.10000000000000002,""dz_source"":""spacing_z * /data/home/luozhiheng/CUDA_STO_PF/Results/workflows/T400_xB0p050/input/physical_inputs.json:phys_dx_ref""}",3.438100000000002e-26,164036.0,24384.891121461143,4.1009e-05,4.1009e-05,"barrier_J = F_hat * w_phys * V_box, with w_phys = 12*gamma/lambda_sm from Unit_Psedobinary.py / main_cuda.cu; F_total_CNT_hat is box-averaged hat free-energy density in main_cuda.cu; no extra mu_reference_scale, c_tot, Vm_alpha, Vm_compound, or per-voxel volume factor is multiplied beyond V_box unless explicitly stated.","{""box_volume_m3"":6.400000000000003e-23,""box_volume_source"":""grid_nx,grid_ny,grid_nz; spacing_x * /data/home/luozhiheng/CUDA_STO_PF/Results/workflows/T400_xB0p050/input/physical_inputs.json:phys_dx_ref; spacing_y * /data/home/luozhiheng/CUDA_STO_PF/Results/workflows/T400_xB0p050/input/physical_inputs.json:phys_dx_ref; spacing_z * /data/home/luozhiheng/CUDA_STO_PF/Results/workflows/T400_xB0p050/input/physical_inputs.json:phys_dx_ref"",""c_tot_mol_per_m3_available_not_multiplied"":24384.891121461143,""energy_density_scale_J_per_m3"":4000000000.0000005,""energy_density_scale_source"":""/data/home/luozhiheng/CUDA_STO_PF/Results/workflows/T400_xB0p050/input/physical_inputs.json:12*gamma/lambda_sm"",""mu_reference_scale_J_per_mol_available_not_multiplied"":164036.0,""spacing_sim_units"":null,""volume_from_voxels_m3"":3.438100000000002e-26,""voxel_count"":34381.0,""voxel_volume_m3"":1.0000000000000006e-30}",converted F_CNT_peak_hat from hat free-energy density to J using physical energy density scale and box volume | r_eff_star reconstructed from thresholded voxel_count volume; this approximates V_h with phi>0.5 geometry
/data/home/luozhiheng/CUDA_STO_PF/Results/workflows/T400_xB0p050/raw/chel_T400_cuda_400x400x400_dt0.03_steps30000_r1.463nm_xB0.050/cntcon_T400_xB0p050_strictref_eyy_s0p01_r1p462932,400.0,673.15,0.05,eyy,"{""exx"":0.0,""exy"":0.0,""eyy"":0.01,""ezz"":0.0}",0.0008670068,,2.2195374080000012e-16,1385.3262873137128,23881.81535377208,2.0563060448634753,36421.0,spacing_sim_units unavailable,"{""dx_nm"":0.10000000000000002,""dx_source"":""spacing_x * /data/home/luozhiheng/CUDA_STO_PF/Results/workflows/T400_xB0p050/input/physical_inputs.json:phys_dx_ref"",""dy_nm"":0.10000000000000002,""dy_source"":""spacing_y * /data/home/luozhiheng/CUDA_STO_PF/Results/workflows/T400_xB0p050/input/physical_inputs.json:phys_dx_ref"",""dz_nm"":0.10000000000000002,""dz_source"":""spacing_z * /data/home/luozhiheng/CUDA_STO_PF/Results/workflows/T400_xB0p050/input/physical_inputs.json:phys_dx_ref""}",3.6421000000000024e-26,164036.0,24384.891121461143,4.1009e-05,4.1009e-05,"barrier_J = F_hat * w_phys * V_box, with w_phys = 12*gamma/lambda_sm from Unit_Psedobinary.py / main_cuda.cu; F_total_CNT_hat is box-averaged hat free-energy density in main_cuda.cu; no extra mu_reference_scale, c_tot, Vm_alpha, Vm_compound, or per-voxel volume factor is multiplied beyond V_box unless explicitly stated.","{""box_volume_m3"":6.400000000000003e-23,""box_volume_source"":""grid_nx,grid_ny,grid_nz; spacing_x * /data/home/luozhiheng/CUDA_STO_PF/Results/workflows/T400_xB0p050/input/physical_inputs.json:phys_dx_ref; spacing_y * /data/home/luozhiheng/CUDA_STO_PF/Results/workflows/T400_xB0p050/input/physical_inputs.json:phys_dx_ref; spacing_z * /data/home/luozhiheng/CUDA_STO_PF/Results/workflows/T400_xB0p050/input/physical_inputs.json:phys_dx_ref"",""c_tot_mol_per_m3_available_not_multiplied"":24384.891121461143,""energy_density_scale_J_per_m3"":4000000000.0000005,""energy_density_scale_source"":""/data/home/luozhiheng/CUDA_STO_PF/Results/workflows/T400_xB0p050/input/physical_inputs.json:12*gamma/lambda_sm"",""mu_reference_scale_J_per_mol_available_not_multiplied"":164036.0,""spacing_sim_units"":null,""volume_from_voxels_m3"":3.6421000000000024e-26,""voxel_count"":36421.0,""voxel_volume_m3"":1.0000000000000006e-30}",converted F_CNT_peak_hat from hat free-energy density to J using physical energy density scale and box volume | r_eff_star reconstructed from thresholded voxel_count volume; this approximates V_h with phi>0.5 geometry
/data/home/luozhiheng/CUDA_STO_PF/Results/workflows/T400_xB0p050/raw/chel_T400_cuda_400x400x400_dt0.03_steps30000_r1.312nm_xB0.050/cntcon_T400_xB0p050_strictref_eyy_sm0p0025_r1p312217,400.0,673.15,0.05,eyy,"{""exx"":0.0,""exy"":0.0,""eyy"":-0.0025,""ezz"":0.0}",7.64683872e-05,,1.957590712320001e-17,122.18320195025395,2106.3316960272377,1.9052338903694075,28969.0,spacing_sim_units unavailable,"{""dx_nm"":0.10000000000000002,""dx_source"":""spacing_x * /data/home/luozhiheng/CUDA_STO_PF/Results/workflows/T400_xB0p050/input/physical_inputs.json:phys_dx_ref"",""dy_nm"":0.10000000000000002,""dy_source"":""spacing_y * /data/home/luozhiheng/CUDA_STO_PF/Results/workflows/T400_xB0p050/input/physical_inputs.json:phys_dx_ref"",""dz_nm"":0.10000000000000002,""dz_source"":""spacing_z * /data/home/luozhiheng/CUDA_STO_PF/Results/workflows/T400_xB0p050/input/physical_inputs.json:phys_dx_ref""}",2.8969000000000016e-26,164036.0,24384.891121461143,4.1009e-05,4.1009e-05,"barrier_J = F_hat * w_phys * V_box, with w_phys = 12*gamma/lambda_sm from Unit_Psedobinary.py / main_cuda.cu; F_total_CNT_hat is box-averaged hat free-energy density in main_cuda.cu; no extra mu_reference_scale, c_tot, Vm_alpha, Vm_compound, or per-voxel volume factor is multiplied beyond V_box unless explicitly stated.","{""box_volume_m3"":6.400000000000003e-23,""box_volume_source"":""grid_nx,grid_ny,grid_nz; spacing_x * /data/home/luozhiheng/CUDA_STO_PF/Results/workflows/T400_xB0p050/input/physical_inputs.json:phys_dx_ref; spacing_y * /data/home/luozhiheng/CUDA_STO_PF/Results/workflows/T400_xB0p050/input/physical_inputs.json:phys_dx_ref; spacing_z * /data/home/luozhiheng/CUDA_STO_PF/Results/workflows/T400_xB0p050/input/physical_inputs.json:phys_dx_ref"",""c_tot_mol_per_m3_available_not_multiplied"":24384.891121461143,""energy_density_scale_J_per_m3"":4000000000.0000005,""energy_density_scale_source"":""/data/home/luozhiheng/CUDA_STO_PF/Results/workflows/T400_xB0p050/input/physical_inputs.json:12*gamma/lambda_sm"",""mu_reference_scale_J_per_mol_available_not_multiplied"":164036.0,""spacing_sim_units"":null,""volume_from_voxels_m3"":2.8969000000000016e-26,""voxel_count"":28969.0,""voxel_volume_m3"":1.0000000000000006e-30}",converted F_CNT_peak_hat from hat free-energy density to J using physical energy density scale and box volume | r_eff_star reconstructed from thresholded voxel_count volume; this approximates V_h with phi>0.5 geometry
/data/home/luozhiheng/CUDA_STO_PF/Results/workflows/T400_xB0p050/raw/chel_T400_cuda_400x400x400_dt0.03_steps30000_r1.293nm_xB0.050/cntcon_T400_xB0p050_strictref_eyy_sm0p005_r1p292707,400.0,673.15,0.05,eyy,"{""exx"":0.0,""exy"":0.0,""eyy"":-0.005,""ezz"":0.0}",0.00025124456,,6.431860736000004e-17,401.44517149411905,6920.564164617522,1.8856537087898118,28085.0,spacing_sim_units unavailable,"{""dx_nm"":0.10000000000000002,""dx_source"":""spacing_x * /data/home/luozhiheng/CUDA_STO_PF/Results/workflows/T400_xB0p050/input/physical_inputs.json:phys_dx_ref"",""dy_nm"":0.10000000000000002,""dy_source"":""spacing_y * /data/home/luozhiheng/CUDA_STO_PF/Results/workflows/T400_xB0p050/input/physical_inputs.json:phys_dx_ref"",""dz_nm"":0.10000000000000002,""dz_source"":""spacing_z * /data/home/luozhiheng/CUDA_STO_PF/Results/workflows/T400_xB0p050/input/physical_inputs.json:phys_dx_ref""}",2.8085000000000017e-26,164036.0,24384.891121461143,4.1009e-05,4.1009e-05,"barrier_J = F_hat * w_phys * V_box, with w_phys = 12*gamma/lambda_sm from Unit_Psedobinary.py / main_cuda.cu; F_total_CNT_hat is box-averaged hat free-energy density in main_cuda.cu; no extra mu_reference_scale, c_tot, Vm_alpha, Vm_compound, or per-voxel volume factor is multiplied beyond V_box unless explicitly stated.","{""box_volume_m3"":6.400000000000003e-23,""box_volume_source"":""grid_nx,grid_ny,grid_nz; spacing_x * /data/home/luozhiheng/CUDA_STO_PF/Results/workflows/T400_xB0p050/input/physical_inputs.json:phys_dx_ref; spacing_y * /data/home/luozhiheng/CUDA_STO_PF/Results/workflows/T400_xB0p050/input/physical_inputs.json:phys_dx_ref; spacing_z * /data/home/luozhiheng/CUDA_STO_PF/Results/workflows/T400_xB0p050/input/physical_inputs.json:phys_dx_ref"",""c_tot_mol_per_m3_available_not_multiplied"":24384.891121461143,""energy_density_scale_J_per_m3"":4000000000.0000005,""energy_density_scale_source"":""/data/home/luozhiheng/CUDA_STO_PF/Results/workflows/T400_xB0p050/input/physical_inputs.json:12*gamma/lambda_sm"",""mu_reference_scale_J_per_mol_available_not_multiplied"":164036.0,""spacing_sim_units"":null,""volume_from_voxels_m3"":2.8085000000000017e-26,""voxel_count"":28085.0,""voxel_volume_m3"":1.0000000000000006e-30}",converted F_CNT_peak_hat from hat free-energy density to J using physical energy density scale and box volume | r_eff_star reconstructed from thresholded voxel_count volume; this approximates V_h with phi>0.5 geometry
/data/home/luozhiheng/CUDA_STO_PF/Results/workflows/T400_xB0p050/raw/chel_T400_cuda_400x400x400_dt0.03_steps30000_r1.276nm_xB0.050/cntcon_T400_xB0p050_strictref_eyy_sm0p0075_r1p276203,400.0,673.15,0.05,eyy,"{""exx"":0.0,""exy"":0.0,""eyy"":-0.0075,""ezz"":0.0}",0.000536975801,,1.3746580505600009e-16,857.9940696850788,14791.068454048875,1.8683521219746948,27319.0,spacing_sim_units unavailable,"{""dx_nm"":0.10000000000000002,""dx_source"":""spacing_x * /data/home/luozhiheng/CUDA_STO_PF/Results/workflows/T400_xB0p050/input/physical_inputs.json:phys_dx_ref"",""dy_nm"":0.10000000000000002,""dy_source"":""spacing_y * /data/home/luozhiheng/CUDA_STO_PF/Results/workflows/T400_xB0p050/input/physical_inputs.json:phys_dx_ref"",""dz_nm"":0.10000000000000002,""dz_source"":""spacing_z * /data/home/luozhiheng/CUDA_STO_PF/Results/workflows/T400_xB0p050/input/physical_inputs.json:phys_dx_ref""}",2.7319000000000015e-26,164036.0,24384.891121461143,4.1009e-05,4.1009e-05,"barrier_J = F_hat * w_phys * V_box, with w_phys = 12*gamma/lambda_sm from Unit_Psedobinary.py / main_cuda.cu; F_total_CNT_hat is box-averaged hat free-energy density in main_cuda.cu; no extra mu_reference_scale, c_tot, Vm_alpha, Vm_compound, or per-voxel volume factor is multiplied beyond V_box unless explicitly stated.","{""box_volume_m3"":6.400000000000003e-23,""box_volume_source"":""grid_nx,grid_ny,grid_nz; spacing_x * /data/home/luozhiheng/CUDA_STO_PF/Results/workflows/T400_xB0p050/input/physical_inputs.json:phys_dx_ref; spacing_y * /data/home/luozhiheng/CUDA_STO_PF/Results/workflows/T400_xB0p050/input/physical_inputs.json:phys_dx_ref; spacing_z * /data/home/luozhiheng/CUDA_STO_PF/Results/workflows/T400_xB0p050/input/physical_inputs.json:phys_dx_ref"",""c_tot_mol_per_m3_available_not_multiplied"":24384.891121461143,""energy_density_scale_J_per_m3"":4000000000.0000005,""energy_density_scale_source"":""/data/home/luozhiheng/CUDA_STO_PF/Results/workflows/T400_xB0p050/input/physical_inputs.json:12*gamma/lambda_sm"",""mu_reference_scale_J_per_mol_available_not_multiplied"":164036.0,""spacing_sim_units"":null,""volume_from_voxels_m3"":2.7319000000000015e-26,""voxel_count"":27319.0,""voxel_volume_m3"":1.0000000000000006e-30}",converted F_CNT_peak_hat from hat free-energy density to J using physical energy density scale and box volume | r_eff_star reconstructed from thresholded voxel_count volume; this approximates V_h with phi>0.5 geometry
/data/home/luozhiheng/CUDA_STO_PF/Results/workflows/T400_xB0p050/raw/chel_T400_cuda_400x400x400_dt0.03_steps30000_r1.263nm_xB0.050/cntcon_T400_xB0p050_strictref_eyy_sm0p01_r1p262553,400.0,673.15,0.05,eyy,"{""exx"":0.0,""exy"":0.0,""eyy"":-0.01,""ezz"":0.0}",0.000933659428,,2.3901681356800014e-16,1491.8256108333694,25717.770682772567,1.8525344308162979,26631.0,spacing_sim_units unavailable,"{""dx_nm"":0.10000000000000002,""dx_source"":""spacing_x * /data/home/luozhiheng/CUDA_STO_PF/Results/workflows/T400_xB0p050/input/physical_inputs.json:phys_dx_ref"",""dy_nm"":0.10000000000000002,""dy_source"":""spacing_y * /data/home/luozhiheng/CUDA_STO_PF/Results/workflows/T400_xB0p050/input/physical_inputs.json:phys_dx_ref"",""dz_nm"":0.10000000000000002,""dz_source"":""spacing_z * /data/home/luozhiheng/CUDA_STO_PF/Results/workflows/T400_xB0p050/input/physical_inputs.json:phys_dx_ref""}",2.6631000000000016e-26,164036.0,24384.891121461143,4.1009e-05,4.1009e-05,"barrier_J = F_hat * w_phys * V_box, with w_phys = 12*gamma/lambda_sm from Unit_Psedobinary.py / main_cuda.cu; F_total_CNT_hat is box-averaged hat free-energy density in main_cuda.cu; no extra mu_reference_scale, c_tot, Vm_alpha, Vm_compound, or per-voxel volume factor is multiplied beyond V_box unless explicitly stated.","{""box_volume_m3"":6.400000000000003e-23,""box_volume_source"":""grid_nx,grid_ny,grid_nz; spacing_x * /data/home/luozhiheng/CUDA_STO_PF/Results/workflows/T400_xB0p050/input/physical_inputs.json:phys_dx_ref; spacing_y * /data/home/luozhiheng/CUDA_STO_PF/Results/workflows/T400_xB0p050/input/physical_inputs.json:phys_dx_ref; spacing_z * /data/home/luozhiheng/CUDA_STO_PF/Results/workflows/T400_xB0p050/input/physical_inputs.json:phys_dx_ref"",""c_tot_mol_per_m3_available_not_multiplied"":24384.891121461143,""energy_density_scale_J_per_m3"":4000000000.0000005,""energy_density_scale_source"":""/data/home/luozhiheng/CUDA_STO_PF/Results/workflows/T400_xB0p050/input/physical_inputs.json:12*gamma/lambda_sm"",""mu_reference_scale_J_per_mol_available_not_multiplied"":164036.0,""spacing_sim_units"":null,""volume_from_voxels_m3"":2.6631000000000016e-26,""voxel_count"":26631.0,""voxel_volume_m3"":1.0000000000000006e-30}",converted F_CNT_peak_hat from hat free-energy density to J using physical energy density scale and box volume | r_eff_star reconstructed from thresholded voxel_count volume; this approximates V_h with phi>0.5 geometry
