role,file,sha256
online_synchronized_reference,accepted_phi.raw.f64,f6144ba61594712c0ff188274c39e0a71b9a7a6c3af908b6d336e807c30c46d8
online_synchronized_reference,accepted_xB.raw.f64,549ba6f8ca6e1a8e2f8930e8f7672cb9a5679c79040c0298d673a8988c8a9062
online_synchronized_reference,displacement_k_packed.raw.f32,2fc7c00603c9208ddd909c0f4946dfb23f44acebbdeb5bc546f10fe109a6f55e
online_synchronized_reference,displacement_x.raw.f32,a6123fc03f0b5f1ee2bce43e67a3f696e55b158344d31e54e188b26730b17854
online_synchronized_reference,displacement_y.raw.f32,d6716869f481e2d9ed643a69d3894edc989a01ee25562cdca41d8d59aeb9f222
online_synchronized_reference,displacement_z.raw.f32,6920cab8c21de264310d0d9d458b21d9b188bbb5e6ac041ec751d26d3695f724
online_synchronized_reference,elastic_energy_density.raw.f64,ee80fa3bf77d7bffb5d91fb7ec986cd6452082f6da100bd34d3902cda3889044
online_synchronized_reference,strain_xx.raw.f32,48792d88b37e330b3514b95e5fca9a84b32537aa79e827f549539ee288dcbbb8
online_synchronized_reference,strain_xy.raw.f32,d076c116e6a0f2a43d2e6526114c0c751fbf90927e2ae19b0706419e7a405196
online_synchronized_reference,strain_xz.raw.f32,4fc43aaf63cf0ad70a21762dd05d780aec0f5ba654ac831cff5bf92b1c37a8ec
online_synchronized_reference,strain_yy.raw.f32,46c9aa58c2ca33665b563ebae35acebeaf3870e0f455bb79a94fb4016d00baee
online_synchronized_reference,strain_yz.raw.f32,457c96d4995ca3b52dd07d768c16c8d9da2902cab5bedc4ded11a16f124e0f4e
online_synchronized_reference,strain_zz.raw.f32,033187b128dd8c045372a271e7d62d9a42879867bddb48c4622fb451ddffb109
online_synchronized_reference,stress_xx.raw.f32,416f8308a079501a55fcc656ccafc24010f86a1890980b8aa72c6fa9e7102948
online_synchronized_reference,stress_xy.raw.f32,973ca45a4d797c137cdba5d34757b492632906a401e29b62ea0e96d4c5c4b18a
online_synchronized_reference,stress_xz.raw.f32,6a8ad4007d5cbc2ce7428c5f63eddba3d4427c00c10e8b99809c88f1c589eec7
online_synchronized_reference,stress_yy.raw.f32,4e494bfd416dd7d7d032ffb98aa04b573fc0ad41b8c75a45449afcfb74269fe3
online_synchronized_reference,stress_yz.raw.f32,c29420ed10cf9cbbbe34d22a1dea8ea5b34d5d5368b613417aa70465db4f404c
online_synchronized_reference,stress_zz.raw.f32,b7d0dc4b507892aefd158695f31ae2e635d90fd385bec8dbae8275f206164f33
checkpoint_warm_replay,accepted_phi.raw.f64,f6144ba61594712c0ff188274c39e0a71b9a7a6c3af908b6d336e807c30c46d8
checkpoint_warm_replay,accepted_xB.raw.f64,549ba6f8ca6e1a8e2f8930e8f7672cb9a5679c79040c0298d673a8988c8a9062
checkpoint_warm_replay,displacement_k_packed.raw.f32,2fc7c00603c9208ddd909c0f4946dfb23f44acebbdeb5bc546f10fe109a6f55e
checkpoint_warm_replay,displacement_x.raw.f32,a6123fc03f0b5f1ee2bce43e67a3f696e55b158344d31e54e188b26730b17854
checkpoint_warm_replay,displacement_y.raw.f32,d6716869f481e2d9ed643a69d3894edc989a01ee25562cdca41d8d59aeb9f222
checkpoint_warm_replay,displacement_z.raw.f32,6920cab8c21de264310d0d9d458b21d9b188bbb5e6ac041ec751d26d3695f724
checkpoint_warm_replay,elastic_energy_density.raw.f64,ee80fa3bf77d7bffb5d91fb7ec986cd6452082f6da100bd34d3902cda3889044
checkpoint_warm_replay,strain_xx.raw.f32,48792d88b37e330b3514b95e5fca9a84b32537aa79e827f549539ee288dcbbb8
checkpoint_warm_replay,strain_xy.raw.f32,d076c116e6a0f2a43d2e6526114c0c751fbf90927e2ae19b0706419e7a405196
checkpoint_warm_replay,strain_xz.raw.f32,4fc43aaf63cf0ad70a21762dd05d780aec0f5ba654ac831cff5bf92b1c37a8ec
checkpoint_warm_replay,strain_yy.raw.f32,46c9aa58c2ca33665b563ebae35acebeaf3870e0f455bb79a94fb4016d00baee
checkpoint_warm_replay,strain_yz.raw.f32,457c96d4995ca3b52dd07d768c16c8d9da2902cab5bedc4ded11a16f124e0f4e
checkpoint_warm_replay,strain_zz.raw.f32,033187b128dd8c045372a271e7d62d9a42879867bddb48c4622fb451ddffb109
checkpoint_warm_replay,stress_xx.raw.f32,416f8308a079501a55fcc656ccafc24010f86a1890980b8aa72c6fa9e7102948
checkpoint_warm_replay,stress_xy.raw.f32,973ca45a4d797c137cdba5d34757b492632906a401e29b62ea0e96d4c5c4b18a
checkpoint_warm_replay,stress_xz.raw.f32,6a8ad4007d5cbc2ce7428c5f63eddba3d4427c00c10e8b99809c88f1c589eec7
checkpoint_warm_replay,stress_yy.raw.f32,4e494bfd416dd7d7d032ffb98aa04b573fc0ad41b8c75a45449afcfb74269fe3
checkpoint_warm_replay,stress_yz.raw.f32,c29420ed10cf9cbbbe34d22a1dea8ea5b34d5d5368b613417aa70465db4f404c
checkpoint_warm_replay,stress_zz.raw.f32,b7d0dc4b507892aefd158695f31ae2e635d90fd385bec8dbae8275f206164f33
zero_initialized_replay,accepted_phi.raw.f64,f6144ba61594712c0ff188274c39e0a71b9a7a6c3af908b6d336e807c30c46d8
zero_initialized_replay,accepted_xB.raw.f64,549ba6f8ca6e1a8e2f8930e8f7672cb9a5679c79040c0298d673a8988c8a9062
zero_initialized_replay,displacement_k_packed.raw.f32,9f6b0ac681b9fe4917823bf6063c967e58578d971532ef2b02212c88e8b53343
zero_initialized_replay,displacement_x.raw.f32,36a8708d9b6798c8f021547ca208f892cf37580f1b112b5918c837f06db65c85
zero_initialized_replay,displacement_y.raw.f32,5fc3bfcb24d9d3395a075e67db3eef785fba6e4f1bffcd044cb945ff6491b894
zero_initialized_replay,displacement_z.raw.f32,9850d80defc37afea7f775f6d41068211fe00fe9e40677875ce22fba943a8fca
zero_initialized_replay,elastic_energy_density.raw.f64,1db1f0c2de30aa965e913d7ac52f5e7f0f7ab2ee53afb783394c174df3ce857a
zero_initialized_replay,strain_xx.raw.f32,0a09c791115669abca48a8714ffc781ec8bdc2ebc08462fdaf7595aa3a7f701f
zero_initialized_replay,strain_xy.raw.f32,e30550a9af21a768d06f867b55c57be51a150523cc46c6090af4e99723087d4d
zero_initialized_replay,strain_xz.raw.f32,915820e593eee4550bf0d6ae2a08056e0984404eddba9e5df332e0cf2144f71f
zero_initialized_replay,strain_yy.raw.f32,aab0ac1b82dfe9dd4f4bc6040c0639d3184d1f3167ffc0c984fe293a3e58d676
zero_initialized_replay,strain_yz.raw.f32,d71dabaf934065c0e46825a3d4f04990a64863bc8a979bbccf38503473e9a026
zero_initialized_replay,strain_zz.raw.f32,99a58248bd17ed338cb1805bc7bc09e16f57272b1a1b111ffc7bb2d22a142afd
zero_initialized_replay,stress_xx.raw.f32,95791a662fcbb7fb3ad7e343032e2a48db0c49509255537d576a4f413c9a0d16
zero_initialized_replay,stress_xy.raw.f32,cccd3e68cde1baad56a3fea9222f61276065b35b3c5e90adfe98f7869c9ddf54
zero_initialized_replay,stress_xz.raw.f32,ff8453cc72fc254c8f7642a6a4a74ba7959a9ff76442dad545e4e4ba6cb18940
zero_initialized_replay,stress_yy.raw.f32,f0d7b7a8aceb3d0ddadedc150f6dcdd368077d997cf228d1c87115bf7be52e33
zero_initialized_replay,stress_yz.raw.f32,f55b2b3204d3e7e5389db2c5fba022d16096230b0150629c21e19836000bfb1e
zero_initialized_replay,stress_zz.raw.f32,939bc8e888b82ac2a00b4293cfeb2fc88f2d7936e94ca2fee11a57961176d381
