state,component_id,column_pixel_count,x_px,y_median_px,T_K,kappa_lat_W_mK
48h,1,2,1137,441.500000,300.26997840,2.01690141
48h,1,3,1138,442.000000,300.97192225,2.01408451
48h,1,3,1139,442.000000,301.67386609,2.01408451
48h,1,3,1140,443.000000,302.37580994,2.00845070
48h,1,2,1141,443.500000,303.07775378,2.00563380
48h,1,2,1142,444.500000,303.77969762,2.00000000
48h,1,3,1143,445.000000,304.48164147,1.99718310
48h,1,3,1144,446.000000,305.18358531,1.99154930
48h,1,3,1145,446.000000,305.88552916,1.99154930
48h,1,2,1146,446.500000,306.58747300,1.98873239
48h,1,1,1147,447.000000,307.28941685,1.98591549
48h,2,3,1158,454.000000,315.01079914,1.94647887
48h,2,3,1159,454.000000,315.71274298,1.94647887
48h,2,3,1160,455.000000,316.41468683,1.94084507
48h,2,2,1161,455.500000,317.11663067,1.93802817
48h,2,2,1162,456.500000,317.81857451,1.93239437
48h,2,3,1163,457.000000,318.52051836,1.92957746
48h,2,4,1164,457.500000,319.22246220,1.92676056
48h,2,3,1165,458.000000,319.92440605,1.92394366
48h,2,2,1166,458.500000,320.62634989,1.92112676
48h,2,3,1167,459.000000,321.32829374,1.91830986
48h,2,2,1168,459.500000,322.03023758,1.91549296
48h,3,2,1180,466.500000,330.45356371,1.87605634
48h,3,3,1181,467.000000,331.15550756,1.87323944
48h,3,2,1182,467.500000,331.85745140,1.87042254
48h,3,2,1183,467.500000,332.55939525,1.87042254
48h,3,2,1184,468.500000,333.26133909,1.86478873
48h,3,3,1185,469.000000,333.96328294,1.86197183
48h,3,3,1186,470.000000,334.66522678,1.85633803
48h,3,3,1187,470.000000,335.36717063,1.85633803
48h,3,3,1188,470.000000,336.06911447,1.85633803
48h,3,2,1189,470.500000,336.77105832,1.85352113
48h,3,1,1190,471.000000,337.47300216,1.85070423
48h,4,3,1202,478.000000,345.89632829,1.81126761
48h,4,3,1203,478.000000,346.59827214,1.81126761
48h,4,2,1204,478.500000,347.30021598,1.80845070
48h,4,2,1205,479.500000,348.00215983,1.80281690
48h,4,2,1206,479.500000,348.70410367,1.80281690
48h,4,2,1207,480.500000,349.40604752,1.79718310
48h,4,2,1208,480.500000,350.10799136,1.79718310
48h,4,2,1209,481.500000,350.80993521,1.79154930
48h,4,3,1210,482.000000,351.51187905,1.78873239
48h,4,3,1211,482.000000,352.21382289,1.78873239
48h,4,2,1212,482.500000,352.91576674,1.78591549
48h,5,2,1225,489.500000,362.04103672,1.74647887
48h,5,2,1226,489.500000,362.74298056,1.74647887
48h,5,3,1227,490.000000,363.44492441,1.74366197
48h,5,3,1228,490.000000,364.14686825,1.74366197
48h,5,2,1229,490.500000,364.84881210,1.74084507
48h,5,2,1230,491.500000,365.55075594,1.73521127
48h,5,2,1231,491.500000,366.25269978,1.73521127
48h,5,3,1232,492.000000,366.95464363,1.73239437
48h,5,2,1233,492.500000,367.65658747,1.72957746
48h,5,3,1234,493.000000,368.35853132,1.72676056
48h,5,2,1235,493.500000,369.06047516,1.72394366
48h,6,2,1248,499.500000,378.18574514,1.69014085
48h,6,2,1249,499.500000,378.88768898,1.69014085
48h,6,2,1250,500.500000,379.58963283,1.68450704
48h,6,3,1251,501.000000,380.29157667,1.68169014
48h,6,2,1252,501.500000,380.99352052,1.67887324
48h,6,2,1253,501.500000,381.69546436,1.67887324
48h,6,3,1254,502.000000,382.39740821,1.67605634
48h,6,3,1255,502.000000,383.09935205,1.67605634
48h,6,2,1256,502.500000,383.80129590,1.67323944
48h,6,2,1257,503.500000,384.50323974,1.66760563
48h,6,2,1258,503.500000,385.20518359,1.66760563
48h,8,1,1270,509.000000,393.62850972,1.63661972
48h,8,2,1271,509.500000,394.33045356,1.63380282
48h,8,2,1272,509.500000,395.03239741,1.63380282
48h,8,3,1273,510.000000,395.73434125,1.63098592
48h,8,2,1274,510.500000,396.43628510,1.62816901
48h,8,2,1275,510.500000,397.13822894,1.62816901
48h,8,3,1276,511.000000,397.84017279,1.62535211
48h,8,2,1277,511.500000,398.54211663,1.62253521
48h,8,2,1278,511.500000,399.24406048,1.62253521
48h,8,2,1279,512.500000,399.94600432,1.61690141
48h,8,3,1280,513.000000,400.64794816,1.61408451
48h,8,2,1281,513.500000,401.34989201,1.61126761
48h,10,2,1294,518.500000,410.47516199,1.58309859
48h,10,2,1295,518.500000,411.17710583,1.58309859
48h,10,2,1296,518.500000,411.87904968,1.58309859
48h,10,2,1297,519.500000,412.58099352,1.57746479
48h,10,2,1298,519.500000,413.28293737,1.57746479
48h,10,2,1299,520.500000,413.98488121,1.57183099
48h,10,2,1300,520.500000,414.68682505,1.57183099
48h,10,2,1301,520.500000,415.38876890,1.57183099
48h,10,2,1302,521.500000,416.09071274,1.56619718
48h,10,2,1303,521.500000,416.79265659,1.56619718
48h,10,3,1304,522.000000,417.49460043,1.56338028
48h,10,1,1305,522.000000,418.19654428,1.56338028
48h,12,2,1318,527.500000,427.32181425,1.53239437
48h,12,2,1319,527.500000,428.02375810,1.53239437
48h,12,2,1320,527.500000,428.72570194,1.53239437
48h,12,2,1321,528.500000,429.42764579,1.52676056
48h,12,2,1322,528.500000,430.12958963,1.52676056
48h,12,2,1323,528.500000,430.83153348,1.52676056
48h,12,2,1324,529.500000,431.53347732,1.52112676
48h,12,3,1325,530.000000,432.23542117,1.51830986
48h,12,3,1326,530.000000,432.93736501,1.51830986
48h,12,3,1327,530.000000,433.63930886,1.51830986
48h,12,2,1328,530.500000,434.34125270,1.51549296
48h,14,1,1341,535.000000,443.46652268,1.49014085
48h,14,2,1342,535.500000,444.16846652,1.48732394
48h,14,2,1343,535.500000,444.87041037,1.48732394
48h,14,1,1344,536.000000,445.57235421,1.48450704
48h,14,2,1345,536.500000,446.27429806,1.48169014
48h,14,2,1346,537.500000,446.97624190,1.47605634
48h,14,2,1347,537.500000,447.67818575,1.47605634
48h,14,2,1348,537.500000,448.38012959,1.47605634
48h,14,3,1349,538.000000,449.08207343,1.47323944
48h,14,3,1350,538.000000,449.78401728,1.47323944
48h,14,2,1351,538.500000,450.48596112,1.47042254
48h,14,2,1352,538.500000,451.18790497,1.47042254
48h,14,1,1353,539.000000,451.88984881,1.46760563
48h,16,1,1365,543.000000,460.31317495,1.44507042
48h,16,2,1366,543.500000,461.01511879,1.44225352
48h,16,2,1367,543.500000,461.71706263,1.44225352
48h,16,2,1368,544.500000,462.41900648,1.43661972
48h,16,2,1369,544.500000,463.12095032,1.43661972
48h,16,2,1370,544.500000,463.82289417,1.43661972
48h,16,2,1371,545.500000,464.52483801,1.43098592
48h,16,2,1372,545.500000,465.22678186,1.43098592
48h,16,2,1373,545.500000,465.92872570,1.43098592
48h,16,3,1374,546.000000,466.63066955,1.42816901
48h,16,2,1375,546.500000,467.33261339,1.42535211
48h,16,2,1376,546.500000,468.03455724,1.42535211
48h,18,2,1389,550.500000,477.15982721,1.40281690
48h,18,2,1390,550.500000,477.86177106,1.40281690
48h,18,2,1391,551.500000,478.56371490,1.39718310
48h,18,2,1392,551.500000,479.26565875,1.39718310
48h,18,2,1393,551.500000,479.96760259,1.39718310
48h,18,1,1394,552.000000,480.66954644,1.39436620
48h,18,2,1395,552.500000,481.37149028,1.39154930
48h,18,2,1396,552.500000,482.07343413,1.39154930
48h,18,2,1397,552.500000,482.77537797,1.39154930
48h,18,2,1398,553.500000,483.47732181,1.38591549
48h,18,3,1399,554.000000,484.17926566,1.38309859
48h,18,2,1400,553.500000,484.88120950,1.38591549
48h,20,2,1413,557.500000,494.00647948,1.36338028
48h,20,2,1414,557.500000,494.70842333,1.36338028
48h,20,3,1415,558.000000,495.41036717,1.36056338
48h,20,3,1416,559.000000,496.11231102,1.35492958
48h,20,3,1417,559.000000,496.81425486,1.35492958
48h,20,3,1418,559.000000,497.51619870,1.35492958
48h,20,2,1419,559.500000,498.21814255,1.35211268
48h,20,2,1420,559.500000,498.92008639,1.35211268
48h,20,2,1421,559.500000,499.62203024,1.35211268
48h,20,2,1422,560.500000,500.32397408,1.34647887
48h,20,2,1423,560.500000,501.02591793,1.34647887
48h,20,1,1424,561.000000,501.72786177,1.34366197
48h,22,1,1437,564.000000,510.85313175,1.32676056
48h,22,2,1438,564.500000,511.55507559,1.32394366
48h,22,2,1439,564.500000,512.25701944,1.32394366
48h,22,2,1440,564.500000,512.95896328,1.32394366
48h,22,2,1441,565.500000,513.66090713,1.31830986
48h,22,2,1442,565.500000,514.36285097,1.31830986
48h,22,2,1443,566.500000,515.06479482,1.31267606
48h,22,2,1444,566.500000,515.76673866,1.31267606
48h,22,2,1445,566.500000,516.46868251,1.31267606
48h,22,2,1446,566.500000,517.17062635,1.31267606
48h,22,3,1447,567.000000,517.87257019,1.30985915
48h,22,3,1448,567.000000,518.57451404,1.30985915
48h,22,1,1449,567.000000,519.27645788,1.30985915
48h,24,1,1461,571.000000,527.69978402,1.28732394
48h,24,3,1462,571.000000,528.40172786,1.28732394
48h,24,3,1463,571.000000,529.10367171,1.28732394
48h,24,2,1464,571.500000,529.80561555,1.28450704
48h,24,2,1465,571.500000,530.50755940,1.28450704
48h,24,2,1466,571.500000,531.20950324,1.28450704
48h,24,2,1467,571.500000,531.91144708,1.28450704
48h,24,2,1468,572.500000,532.61339093,1.27887324
48h,24,2,1469,572.500000,533.31533477,1.27887324
48h,24,1,1470,573.000000,534.01727862,1.27605634
48h,24,2,1471,573.500000,534.71922246,1.27323944
48h,24,2,1472,573.500000,535.42116631,1.27323944
48h,24,2,1473,573.500000,536.12311015,1.27323944
48h,26,2,1486,576.500000,545.24838013,1.25633803
48h,26,2,1487,576.500000,545.95032397,1.25633803
48h,26,1,1488,577.000000,546.65226782,1.25352113
48h,26,2,1489,577.500000,547.35421166,1.25070423
48h,26,1,1490,578.000000,548.05615551,1.24788732
48h,26,2,1491,578.500000,548.75809935,1.24507042
48h,26,2,1492,578.500000,549.46004320,1.24507042
48h,26,2,1493,578.500000,550.16198704,1.24507042
48h,26,3,1494,579.000000,550.86393089,1.24225352
48h,26,3,1495,579.000000,551.56587473,1.24225352
48h,26,3,1496,579.000000,552.26781857,1.24225352
48h,26,2,1497,579.500000,552.96976242,1.23943662
48h,28,2,1510,582.500000,562.09503240,1.22253521
48h,28,3,1511,583.000000,562.79697624,1.21971831
48h,28,3,1512,583.000000,563.49892009,1.21971831
48h,28,3,1513,583.000000,564.20086393,1.21971831
48h,28,2,1514,583.500000,564.90280778,1.21690141
48h,28,2,1515,583.500000,565.60475162,1.21690141
48h,28,2,1516,583.500000,566.30669546,1.21690141
48h,28,2,1517,583.500000,567.00863931,1.21690141
48h,28,2,1518,584.500000,567.71058315,1.21126761
48h,28,2,1519,584.500000,568.41252700,1.21126761
48h,28,1,1520,585.000000,569.11447084,1.20845070
48h,28,1,1521,585.000000,569.81641469,1.20845070
48h,30,1,1534,588.000000,578.94168467,1.19154930
48h,30,2,1535,587.500000,579.64362851,1.19436620
48h,30,2,1536,588.500000,580.34557235,1.18873239
48h,30,2,1537,588.500000,581.04751620,1.18873239
48h,30,2,1538,588.500000,581.74946004,1.18873239
48h,30,2,1539,588.500000,582.45140389,1.18873239
48h,30,1,1540,589.000000,583.15334773,1.18591549
48h,30,1,1541,589.000000,583.85529158,1.18591549
48h,30,2,1542,589.500000,584.55723542,1.18309859
48h,30,1,1543,590.000000,585.25917927,1.18028169
48h,30,2,1544,590.500000,585.96112311,1.17746479
48h,30,2,1545,590.500000,586.66306695,1.17746479
AQ,7,2,1137,506.500000,300.26997840,1.65070423
AQ,7,2,1138,506.500000,300.97192225,1.65070423
AQ,7,2,1139,506.500000,301.67386609,1.65070423
AQ,7,2,1140,507.500000,302.37580994,1.64507042
AQ,7,2,1141,508.500000,303.07775378,1.63943662
AQ,7,2,1142,508.500000,303.77969762,1.63943662
AQ,7,2,1143,508.500000,304.48164147,1.63943662
AQ,7,2,1144,509.500000,305.18358531,1.63380282
AQ,7,2,1145,509.500000,305.88552916,1.63380282
AQ,7,3,1146,510.000000,306.58747300,1.63098592
AQ,7,2,1147,510.500000,307.28941685,1.62816901
AQ,7,1,1148,510.000000,307.99136069,1.63098592
AQ,9,2,1160,515.500000,316.41468683,1.60000000
AQ,9,1,1161,516.000000,317.11663067,1.59718310
AQ,9,2,1162,516.500000,317.81857451,1.59436620
AQ,9,2,1163,516.500000,318.52051836,1.59436620
AQ,9,2,1164,517.500000,319.22246220,1.58873239
AQ,9,3,1165,518.000000,319.92440605,1.58591549
AQ,9,3,1166,518.000000,320.62634989,1.58591549
AQ,9,2,1167,518.500000,321.32829374,1.58309859
AQ,9,2,1168,518.500000,322.03023758,1.58309859
AQ,9,2,1169,519.500000,322.73218143,1.57746479
AQ,9,2,1170,519.500000,323.43412527,1.57746479
AQ,11,1,1183,525.000000,332.55939525,1.54647887
AQ,11,2,1184,525.500000,333.26133909,1.54366197
AQ,11,2,1185,525.500000,333.96328294,1.54366197
AQ,11,3,1186,526.000000,334.66522678,1.54084507
AQ,11,3,1187,526.000000,335.36717063,1.54084507
AQ,11,3,1188,526.000000,336.06911447,1.54084507
AQ,11,2,1189,526.500000,336.77105832,1.53802817
AQ,11,2,1190,527.500000,337.47300216,1.53239437
AQ,11,2,1191,527.500000,338.17494600,1.53239437
AQ,11,2,1192,527.500000,338.87688985,1.53239437
AQ,11,2,1193,528.500000,339.57883369,1.52676056
AQ,11,1,1194,528.000000,340.28077754,1.52957746
AQ,13,2,1206,533.500000,348.70410367,1.49859155
AQ,13,2,1207,533.500000,349.40604752,1.49859155
AQ,13,2,1208,533.500000,350.10799136,1.49859155
AQ,13,3,1209,534.000000,350.80993521,1.49577465
AQ,13,2,1210,534.500000,351.51187905,1.49295775
AQ,13,2,1211,534.500000,352.21382289,1.49295775
AQ,13,2,1212,534.500000,352.91576674,1.49295775
AQ,13,2,1213,535.500000,353.61771058,1.48732394
AQ,13,2,1214,535.500000,354.31965443,1.48732394
AQ,13,2,1215,535.500000,355.02159827,1.48732394
AQ,13,2,1216,536.500000,355.72354212,1.48169014
AQ,13,1,1217,537.000000,356.42548596,1.47887324
AQ,15,1,1230,541.000000,365.55075594,1.45633803
AQ,15,2,1231,541.500000,366.25269978,1.45352113
AQ,15,3,1232,542.000000,366.95464363,1.45070423
AQ,15,3,1233,542.000000,367.65658747,1.45070423
AQ,15,2,1234,542.500000,368.35853132,1.44788732
AQ,15,2,1235,542.500000,369.06047516,1.44788732
AQ,15,2,1236,542.500000,369.76241901,1.44788732
AQ,15,2,1237,543.500000,370.46436285,1.44225352
AQ,15,2,1238,543.500000,371.16630670,1.44225352
AQ,15,2,1239,544.500000,371.86825054,1.43661972
AQ,15,2,1240,544.500000,372.57019438,1.43661972
AQ,15,2,1241,544.500000,373.27213823,1.43661972
AQ,17,2,1254,549.500000,382.39740821,1.40845070
AQ,17,2,1255,549.500000,383.09935205,1.40845070
AQ,17,2,1256,549.500000,383.80129590,1.40845070
AQ,17,2,1257,549.500000,384.50323974,1.40845070
AQ,17,3,1258,550.000000,385.20518359,1.40563380
AQ,17,3,1259,550.000000,385.90712743,1.40563380
AQ,17,2,1260,550.500000,386.60907127,1.40281690
AQ,17,2,1261,550.500000,387.31101512,1.40281690
AQ,17,2,1262,551.500000,388.01295896,1.39718310
AQ,17,2,1263,551.500000,388.71490281,1.39718310
AQ,17,2,1264,551.500000,389.41684665,1.39718310
AQ,17,1,1265,552.000000,390.11879050,1.39436620
AQ,19,2,1278,556.500000,399.24406048,1.36901408
AQ,19,2,1279,556.500000,399.94600432,1.36901408
AQ,19,2,1280,556.500000,400.64794816,1.36901408
AQ,19,2,1281,556.500000,401.34989201,1.36901408
AQ,19,2,1282,557.500000,402.05183585,1.36338028
AQ,19,2,1283,557.500000,402.75377970,1.36338028
AQ,19,2,1284,557.500000,403.45572354,1.36338028
AQ,19,3,1285,558.000000,404.15766739,1.36056338
AQ,19,2,1286,558.500000,404.85961123,1.35774648
AQ,19,3,1287,559.000000,405.56155508,1.35492958
AQ,19,3,1288,559.000000,406.26349892,1.35492958
AQ,19,2,1289,559.500000,406.96544276,1.35211268
AQ,21,3,1302,563.000000,416.09071274,1.33239437
AQ,21,2,1303,563.500000,416.79265659,1.32957746
AQ,21,2,1304,563.500000,417.49460043,1.32957746
AQ,21,2,1305,563.500000,418.19654428,1.32957746
AQ,21,1,1306,564.000000,418.89848812,1.32676056
AQ,21,2,1307,564.500000,419.60043197,1.32394366
AQ,21,2,1308,564.500000,420.30237581,1.32394366
AQ,21,2,1309,564.500000,421.00431965,1.32394366
AQ,21,1,1310,565.000000,421.70626350,1.32112676
AQ,21,2,1311,565.500000,422.40820734,1.31830986
AQ,21,1,1312,566.000000,423.11015119,1.31549296
AQ,21,1,1313,566.000000,423.81209503,1.31549296
AQ,23,2,1326,569.500000,432.93736501,1.29577465
AQ,23,2,1327,569.500000,433.63930886,1.29577465
AQ,23,2,1328,569.500000,434.34125270,1.29577465
AQ,23,2,1329,570.500000,435.04319654,1.29014085
AQ,23,2,1330,570.500000,435.74514039,1.29014085
AQ,23,3,1331,571.000000,436.44708423,1.28732394
AQ,23,3,1332,571.000000,437.14902808,1.28732394
AQ,23,3,1333,571.000000,437.85097192,1.28732394
AQ,23,2,1334,571.500000,438.55291577,1.28450704
AQ,23,2,1335,571.500000,439.25485961,1.28450704
AQ,23,2,1336,571.500000,439.95680346,1.28450704
AQ,23,2,1337,571.500000,440.65874730,1.28450704
AQ,25,2,1351,575.500000,450.48596112,1.26197183
AQ,25,2,1352,575.500000,451.18790497,1.26197183
AQ,25,2,1353,576.500000,451.88984881,1.25633803
AQ,25,2,1354,576.500000,452.59179266,1.25633803
AQ,25,2,1355,576.500000,453.29373650,1.25633803
AQ,25,2,1356,576.500000,453.99568035,1.25633803
AQ,25,1,1357,577.000000,454.69762419,1.25352113
AQ,25,2,1358,577.500000,455.39956803,1.25070423
AQ,25,2,1359,578.500000,456.10151188,1.24507042
AQ,25,2,1360,578.500000,456.80345572,1.24507042
AQ,25,2,1361,578.500000,457.50539957,1.24507042
AQ,25,1,1362,578.000000,458.20734341,1.24788732
AQ,27,2,1375,581.500000,467.33261339,1.22816901
AQ,27,2,1376,581.500000,468.03455724,1.22816901
AQ,27,2,1377,581.500000,468.73650108,1.22816901
AQ,27,2,1378,582.500000,469.43844492,1.22253521
AQ,27,2,1379,582.500000,470.14038877,1.22253521
AQ,27,3,1380,583.000000,470.84233261,1.21971831
AQ,27,3,1381,583.000000,471.54427646,1.21971831
AQ,27,3,1382,583.000000,472.24622030,1.21971831
AQ,27,2,1383,583.500000,472.94816415,1.21690141
AQ,27,2,1384,583.500000,473.65010799,1.21690141
AQ,27,2,1385,583.500000,474.35205184,1.21690141
AQ,27,1,1386,584.000000,475.05399568,1.21408451
AQ,29,2,1399,587.500000,484.17926566,1.19436620
AQ,29,2,1400,587.500000,484.88120950,1.19436620
AQ,29,2,1401,587.500000,485.58315335,1.19436620
AQ,29,2,1402,587.500000,486.28509719,1.19436620
AQ,29,2,1403,587.500000,486.98704104,1.19436620
AQ,29,2,1404,587.500000,487.68898488,1.19436620
AQ,29,2,1405,588.500000,488.39092873,1.18873239
AQ,29,2,1406,588.500000,489.09287257,1.18873239
AQ,29,2,1407,588.500000,489.79481641,1.18873239
AQ,29,2,1408,588.500000,490.49676026,1.18873239
AQ,29,1,1409,589.000000,491.19870410,1.18591549
AQ,29,1,1410,589.000000,491.90064795,1.18591549
AQ,31,2,1424,592.500000,501.72786177,1.16619718
AQ,31,2,1425,592.500000,502.42980562,1.16619718
AQ,31,2,1426,592.500000,503.13174946,1.16619718
AQ,31,1,1427,593.000000,503.83369330,1.16338028
AQ,31,2,1428,593.500000,504.53563715,1.16056338
AQ,31,2,1429,593.500000,505.23758099,1.16056338
AQ,31,2,1430,593.500000,505.93952484,1.16056338
AQ,31,2,1431,593.500000,506.64146868,1.16056338
AQ,31,1,1432,594.000000,507.34341253,1.15774648
AQ,31,2,1433,594.500000,508.04535637,1.15492958
AQ,31,2,1434,594.500000,508.74730022,1.15492958
AQ,31,1,1435,594.000000,509.44924406,1.15774648
AQ,33,2,1448,597.500000,518.57451404,1.13802817
AQ,33,2,1449,597.500000,519.27645788,1.13802817
AQ,33,2,1450,597.500000,519.97840173,1.13802817
AQ,33,1,1451,598.000000,520.68034557,1.13521127
AQ,33,2,1452,598.500000,521.38228942,1.13239437
AQ,33,2,1453,598.500000,522.08423326,1.13239437
AQ,33,2,1454,598.500000,522.78617711,1.13239437
AQ,33,2,1455,598.500000,523.48812095,1.13239437
AQ,33,2,1456,598.500000,524.19006479,1.13239437
AQ,33,3,1457,599.000000,524.89200864,1.12957746
AQ,33,2,1458,599.500000,525.59395248,1.12676056
AQ,33,2,1459,599.500000,526.29589633,1.12676056
AQ,34,2,1473,602.500000,536.12311015,1.10985915
AQ,34,2,1474,602.500000,536.82505400,1.10985915
AQ,34,2,1475,602.500000,537.52699784,1.10985915
AQ,34,2,1476,602.500000,538.22894168,1.10985915
AQ,34,3,1477,603.000000,538.93088553,1.10704225
AQ,34,3,1478,603.000000,539.63282937,1.10704225
AQ,34,3,1479,603.000000,540.33477322,1.10704225
AQ,34,2,1480,603.500000,541.03671706,1.10422535
AQ,34,2,1481,603.500000,541.73866091,1.10422535
AQ,34,2,1482,603.500000,542.44060475,1.10422535
AQ,34,2,1483,604.500000,543.14254860,1.09859155
AQ,34,1,1484,604.000000,543.84449244,1.10140845
AQ,35,2,1497,606.500000,552.96976242,1.08732394
AQ,35,3,1498,607.000000,553.67170626,1.08450704
AQ,35,3,1499,607.000000,554.37365011,1.08450704
AQ,35,3,1500,607.000000,555.07559395,1.08450704
AQ,35,2,1501,607.500000,555.77753780,1.08169014
AQ,35,2,1502,607.500000,556.47948164,1.08169014
AQ,35,2,1503,607.500000,557.18142549,1.08169014
AQ,35,2,1504,607.500000,557.88336933,1.08169014
AQ,35,2,1505,607.500000,558.58531317,1.08169014
AQ,35,1,1506,608.000000,559.28725702,1.07887324
AQ,35,2,1507,608.500000,559.98920086,1.07605634
AQ,35,2,1508,608.500000,560.69114471,1.07605634
AQ,35,1,1509,609.000000,561.39308855,1.07323944
AQ,36,1,1522,611.000000,570.51835853,1.06197183
AQ,36,2,1523,611.500000,571.22030238,1.05915493
AQ,36,2,1524,611.500000,571.92224622,1.05915493
AQ,36,2,1525,611.500000,572.62419006,1.05915493
AQ,36,2,1526,611.500000,573.32613391,1.05915493
AQ,36,2,1527,611.500000,574.02807775,1.05915493
AQ,36,1,1528,612.000000,574.73002160,1.05633803
AQ,36,2,1529,612.500000,575.43196544,1.05352113
AQ,36,2,1530,612.500000,576.13390929,1.05352113
AQ,36,2,1531,612.500000,576.83585313,1.05352113
AQ,36,2,1532,612.500000,577.53779698,1.05352113
AQ,36,2,1533,612.500000,578.23974082,1.05352113
AQ,37,3,1547,615.000000,588.06695464,1.03943662
AQ,37,3,1548,615.000000,588.76889849,1.03943662
AQ,37,2,1549,615.500000,589.47084233,1.03661972
AQ,37,2,1550,615.500000,590.17278618,1.03661972
AQ,37,1,1551,616.000000,590.87473002,1.03380282
AQ,37,2,1552,616.500000,591.57667387,1.03098592
AQ,37,2,1553,616.500000,592.27861771,1.03098592
AQ,37,2,1554,616.500000,592.98056156,1.03098592
AQ,37,2,1555,616.500000,593.68250540,1.03098592
AQ,37,2,1556,616.500000,594.38444924,1.03098592
AQ,37,2,1557,616.500000,595.08639309,1.03098592
AQ,37,1,1558,617.000000,595.78833693,1.02816901
