age_h,step,phi,xB
6.0,0,/data/home/luozhiheng/tmp/pf_random_psd_v2_246x96_elastic_6h12h_dt0p02_20260730/Results/chel_T380_cuda_246x246x246_dt0.02_steps21800_xB0.030/raw_fields_relax/phi_init.vtk,/data/home/luozhiheng/tmp/pf_random_psd_v2_246x96_elastic_6h12h_dt0p02_20260730/Results/chel_T380_cuda_246x246x246_dt0.02_steps21800_xB0.030/raw_fields_relax/xB_0.vtk
7.0,3633,/data/home/luozhiheng/tmp/pf_random_psd_v2_246x96_elastic_6h12h_dt0p02_20260730/Results/chel_T380_cuda_246x246x246_dt0.02_steps21800_xB0.030/raw_fields_relax/phi_3633.vtk,/data/home/luozhiheng/tmp/pf_random_psd_v2_246x96_elastic_6h12h_dt0p02_20260730/Results/chel_T380_cuda_246x246x246_dt0.02_steps21800_xB0.030/raw_fields_relax/xB_3633.vtk
8.0,7266,/data/home/luozhiheng/tmp/pf_random_psd_v2_246x96_elastic_6h12h_dt0p02_20260730/Results/chel_T380_cuda_246x246x246_dt0.02_steps21800_xB0.030/raw_fields_relax/phi_7266.vtk,/data/home/luozhiheng/tmp/pf_random_psd_v2_246x96_elastic_6h12h_dt0p02_20260730/Results/chel_T380_cuda_246x246x246_dt0.02_steps21800_xB0.030/raw_fields_relax/xB_7266.vtk
9.0,10899,/data/home/luozhiheng/tmp/pf_random_psd_v2_246x96_elastic_6h12h_dt0p02_20260730/Results/chel_T380_cuda_246x246x246_dt0.02_steps21800_xB0.030/raw_fields_relax/phi_10899.vtk,/data/home/luozhiheng/tmp/pf_random_psd_v2_246x96_elastic_6h12h_dt0p02_20260730/Results/chel_T380_cuda_246x246x246_dt0.02_steps21800_xB0.030/raw_fields_relax/xB_10899.vtk
10.0,14532,/data/home/luozhiheng/tmp/pf_random_psd_v2_246x96_elastic_6h12h_dt0p02_20260730/Results/chel_T380_cuda_246x246x246_dt0.02_steps21800_xB0.030/raw_fields_relax/phi_14532.vtk,/data/home/luozhiheng/tmp/pf_random_psd_v2_246x96_elastic_6h12h_dt0p02_20260730/Results/chel_T380_cuda_246x246x246_dt0.02_steps21800_xB0.030/raw_fields_relax/xB_14532.vtk
11.0,18165,/data/home/luozhiheng/tmp/pf_random_psd_v2_246x96_elastic_6h12h_dt0p02_20260730/Results/chel_T380_cuda_246x246x246_dt0.02_steps21800_xB0.030/raw_fields_relax/phi_18165.vtk,/data/home/luozhiheng/tmp/pf_random_psd_v2_246x96_elastic_6h12h_dt0p02_20260730/Results/chel_T380_cuda_246x246x246_dt0.02_steps21800_xB0.030/raw_fields_relax/xB_18165.vtk
12.0,21798,/data/home/luozhiheng/tmp/pf_random_psd_v2_246x96_elastic_6h12h_dt0p02_20260730/Results/chel_T380_cuda_246x246x246_dt0.02_steps21800_xB0.030/raw_fields_relax/phi_21798.vtk,/data/home/luozhiheng/tmp/pf_random_psd_v2_246x96_elastic_6h12h_dt0p02_20260730/Results/chel_T380_cuda_246x246x246_dt0.02_steps21800_xB0.030/raw_fields_relax/xB_21798.vtk
13.0,25431,/data/home/luozhiheng/tmp/pf_random_psd_v2_246x96_elastic_12h48h_20260730/Results/chel_T380_cuda_246x246x246_dt0.02_steps152600_xB0.030/phi_25431.vtk,/data/home/luozhiheng/tmp/pf_random_psd_v2_246x96_elastic_12h48h_20260730/Results/chel_T380_cuda_246x246x246_dt0.02_steps152600_xB0.030/xB_25431.vtk
14.0,29064,/data/home/luozhiheng/tmp/pf_random_psd_v2_246x96_elastic_12h48h_20260730/Results/chel_T380_cuda_246x246x246_dt0.02_steps152600_xB0.030/phi_29064.vtk,/data/home/luozhiheng/tmp/pf_random_psd_v2_246x96_elastic_12h48h_20260730/Results/chel_T380_cuda_246x246x246_dt0.02_steps152600_xB0.030/xB_29064.vtk
15.0,32697,/data/home/luozhiheng/tmp/pf_random_psd_v2_246x96_elastic_12h48h_20260730/Results/chel_T380_cuda_246x246x246_dt0.02_steps152600_xB0.030/phi_32697.vtk,/data/home/luozhiheng/tmp/pf_random_psd_v2_246x96_elastic_12h48h_20260730/Results/chel_T380_cuda_246x246x246_dt0.02_steps152600_xB0.030/xB_32697.vtk
16.0,36330,/data/home/luozhiheng/tmp/pf_random_psd_v2_246x96_elastic_12h48h_20260730/Results/chel_T380_cuda_246x246x246_dt0.02_steps152600_xB0.030/phi_36330.vtk,/data/home/luozhiheng/tmp/pf_random_psd_v2_246x96_elastic_12h48h_20260730/Results/chel_T380_cuda_246x246x246_dt0.02_steps152600_xB0.030/xB_36330.vtk
17.0,39963,/data/home/luozhiheng/tmp/pf_random_psd_v2_246x96_elastic_12h48h_20260730/Results/chel_T380_cuda_246x246x246_dt0.02_steps152600_xB0.030/phi_39963.vtk,/data/home/luozhiheng/tmp/pf_random_psd_v2_246x96_elastic_12h48h_20260730/Results/chel_T380_cuda_246x246x246_dt0.02_steps152600_xB0.030/xB_39963.vtk
18.0,43596,/data/home/luozhiheng/tmp/pf_random_psd_v2_246x96_elastic_12h48h_20260730/Results/chel_T380_cuda_246x246x246_dt0.02_steps152600_xB0.030/phi_43596.vtk,/data/home/luozhiheng/tmp/pf_random_psd_v2_246x96_elastic_12h48h_20260730/Results/chel_T380_cuda_246x246x246_dt0.02_steps152600_xB0.030/xB_43596.vtk
19.0,47229,/data/home/luozhiheng/tmp/pf_random_psd_v2_246x96_elastic_12h48h_20260730/Results/chel_T380_cuda_246x246x246_dt0.02_steps152600_xB0.030/phi_47229.vtk,/data/home/luozhiheng/tmp/pf_random_psd_v2_246x96_elastic_12h48h_20260730/Results/chel_T380_cuda_246x246x246_dt0.02_steps152600_xB0.030/xB_47229.vtk
20.0,50862,/data/home/luozhiheng/tmp/pf_random_psd_v2_246x96_elastic_12h48h_20260730/Results/chel_T380_cuda_246x246x246_dt0.02_steps152600_xB0.030/phi_50862.vtk,/data/home/luozhiheng/tmp/pf_random_psd_v2_246x96_elastic_12h48h_20260730/Results/chel_T380_cuda_246x246x246_dt0.02_steps152600_xB0.030/xB_50862.vtk
21.0,54495,/data/home/luozhiheng/tmp/pf_random_psd_v2_246x96_elastic_12h48h_20260730/Results/chel_T380_cuda_246x246x246_dt0.02_steps152600_xB0.030/phi_54495.vtk,/data/home/luozhiheng/tmp/pf_random_psd_v2_246x96_elastic_12h48h_20260730/Results/chel_T380_cuda_246x246x246_dt0.02_steps152600_xB0.030/xB_54495.vtk
22.0,58128,/data/home/luozhiheng/tmp/pf_random_psd_v2_246x96_elastic_12h48h_20260730/Results/chel_T380_cuda_246x246x246_dt0.02_steps152600_xB0.030/phi_58128.vtk,/data/home/luozhiheng/tmp/pf_random_psd_v2_246x96_elastic_12h48h_20260730/Results/chel_T380_cuda_246x246x246_dt0.02_steps152600_xB0.030/xB_58128.vtk
23.0,61761,/data/home/luozhiheng/tmp/pf_random_psd_v2_246x96_elastic_12h48h_20260730/Results/chel_T380_cuda_246x246x246_dt0.02_steps152600_xB0.030/phi_61761.vtk,/data/home/luozhiheng/tmp/pf_random_psd_v2_246x96_elastic_12h48h_20260730/Results/chel_T380_cuda_246x246x246_dt0.02_steps152600_xB0.030/xB_61761.vtk
24.0,65394,/data/home/luozhiheng/tmp/pf_random_psd_v2_246x96_elastic_12h48h_20260730/Results/chel_T380_cuda_246x246x246_dt0.02_steps152600_xB0.030/phi_65394.vtk,/data/home/luozhiheng/tmp/pf_random_psd_v2_246x96_elastic_12h48h_20260730/Results/chel_T380_cuda_246x246x246_dt0.02_steps152600_xB0.030/xB_65394.vtk
25.0,69027,/data/home/luozhiheng/tmp/pf_random_psd_v2_246x96_elastic_12h48h_20260730/Results/chel_T380_cuda_246x246x246_dt0.02_steps152600_xB0.030/phi_69027.vtk,/data/home/luozhiheng/tmp/pf_random_psd_v2_246x96_elastic_12h48h_20260730/Results/chel_T380_cuda_246x246x246_dt0.02_steps152600_xB0.030/xB_69027.vtk
26.0,72660,/data/home/luozhiheng/tmp/pf_random_psd_v2_246x96_elastic_12h48h_20260730/Results/chel_T380_cuda_246x246x246_dt0.02_steps152600_xB0.030/phi_72660.vtk,/data/home/luozhiheng/tmp/pf_random_psd_v2_246x96_elastic_12h48h_20260730/Results/chel_T380_cuda_246x246x246_dt0.02_steps152600_xB0.030/xB_72660.vtk
27.0,76293,/data/home/luozhiheng/tmp/pf_random_psd_v2_246x96_elastic_12h48h_20260730/Results/chel_T380_cuda_246x246x246_dt0.02_steps152600_xB0.030/phi_76293.vtk,/data/home/luozhiheng/tmp/pf_random_psd_v2_246x96_elastic_12h48h_20260730/Results/chel_T380_cuda_246x246x246_dt0.02_steps152600_xB0.030/xB_76293.vtk
28.0,79926,/data/home/luozhiheng/tmp/pf_random_psd_v2_246x96_elastic_12h48h_20260730/Results/chel_T380_cuda_246x246x246_dt0.02_steps152600_xB0.030/phi_79926.vtk,/data/home/luozhiheng/tmp/pf_random_psd_v2_246x96_elastic_12h48h_20260730/Results/chel_T380_cuda_246x246x246_dt0.02_steps152600_xB0.030/xB_79926.vtk
29.0,83559,/data/home/luozhiheng/tmp/pf_random_psd_v2_246x96_elastic_12h48h_20260730/Results/chel_T380_cuda_246x246x246_dt0.02_steps152600_xB0.030/phi_83559.vtk,/data/home/luozhiheng/tmp/pf_random_psd_v2_246x96_elastic_12h48h_20260730/Results/chel_T380_cuda_246x246x246_dt0.02_steps152600_xB0.030/xB_83559.vtk
30.0,87192,/data/home/luozhiheng/tmp/pf_random_psd_v2_246x96_elastic_12h48h_20260730/Results/chel_T380_cuda_246x246x246_dt0.02_steps152600_xB0.030/phi_87192.vtk,/data/home/luozhiheng/tmp/pf_random_psd_v2_246x96_elastic_12h48h_20260730/Results/chel_T380_cuda_246x246x246_dt0.02_steps152600_xB0.030/xB_87192.vtk
31.0,90825,/data/home/luozhiheng/tmp/pf_random_psd_v2_246x96_elastic_12h48h_20260730/Results/chel_T380_cuda_246x246x246_dt0.02_steps152600_xB0.030/phi_90825.vtk,/data/home/luozhiheng/tmp/pf_random_psd_v2_246x96_elastic_12h48h_20260730/Results/chel_T380_cuda_246x246x246_dt0.02_steps152600_xB0.030/xB_90825.vtk
32.0,94458,/data/home/luozhiheng/tmp/pf_random_psd_v2_246x96_elastic_12h48h_20260730/Results/chel_T380_cuda_246x246x246_dt0.02_steps152600_xB0.030/phi_94458.vtk,/data/home/luozhiheng/tmp/pf_random_psd_v2_246x96_elastic_12h48h_20260730/Results/chel_T380_cuda_246x246x246_dt0.02_steps152600_xB0.030/xB_94458.vtk
33.0,98091,/data/home/luozhiheng/tmp/pf_random_psd_v2_246x96_elastic_12h48h_20260730/Results/chel_T380_cuda_246x246x246_dt0.02_steps152600_xB0.030/phi_98091.vtk,/data/home/luozhiheng/tmp/pf_random_psd_v2_246x96_elastic_12h48h_20260730/Results/chel_T380_cuda_246x246x246_dt0.02_steps152600_xB0.030/xB_98091.vtk
34.0,101724,/data/home/luozhiheng/tmp/pf_random_psd_v2_246x96_elastic_12h48h_20260730/Results/chel_T380_cuda_246x246x246_dt0.02_steps152600_xB0.030/phi_101724.vtk,/data/home/luozhiheng/tmp/pf_random_psd_v2_246x96_elastic_12h48h_20260730/Results/chel_T380_cuda_246x246x246_dt0.02_steps152600_xB0.030/xB_101724.vtk
35.0,105357,/data/home/luozhiheng/tmp/pf_random_psd_v2_246x96_elastic_12h48h_20260730/Results/chel_T380_cuda_246x246x246_dt0.02_steps152600_xB0.030/phi_105357.vtk,/data/home/luozhiheng/tmp/pf_random_psd_v2_246x96_elastic_12h48h_20260730/Results/chel_T380_cuda_246x246x246_dt0.02_steps152600_xB0.030/xB_105357.vtk
36.0,108990,/data/home/luozhiheng/tmp/pf_random_psd_v2_246x96_elastic_12h48h_20260730/Results/chel_T380_cuda_246x246x246_dt0.02_steps152600_xB0.030/phi_108990.vtk,/data/home/luozhiheng/tmp/pf_random_psd_v2_246x96_elastic_12h48h_20260730/Results/chel_T380_cuda_246x246x246_dt0.02_steps152600_xB0.030/xB_108990.vtk
37.0,112623,/data/home/luozhiheng/tmp/pf_random_psd_v2_246x96_elastic_12h48h_20260730/Results/chel_T380_cuda_246x246x246_dt0.02_steps152600_xB0.030/phi_112623.vtk,/data/home/luozhiheng/tmp/pf_random_psd_v2_246x96_elastic_12h48h_20260730/Results/chel_T380_cuda_246x246x246_dt0.02_steps152600_xB0.030/xB_112623.vtk
38.0,116256,/data/home/luozhiheng/tmp/pf_random_psd_v2_246x96_elastic_12h48h_20260730/Results/chel_T380_cuda_246x246x246_dt0.02_steps152600_xB0.030/phi_116256.vtk,/data/home/luozhiheng/tmp/pf_random_psd_v2_246x96_elastic_12h48h_20260730/Results/chel_T380_cuda_246x246x246_dt0.02_steps152600_xB0.030/xB_116256.vtk
39.0,119889,/data/home/luozhiheng/tmp/pf_random_psd_v2_246x96_elastic_12h48h_20260730/Results/chel_T380_cuda_246x246x246_dt0.02_steps152600_xB0.030/phi_119889.vtk,/data/home/luozhiheng/tmp/pf_random_psd_v2_246x96_elastic_12h48h_20260730/Results/chel_T380_cuda_246x246x246_dt0.02_steps152600_xB0.030/xB_119889.vtk
40.0,123522,/data/home/luozhiheng/tmp/pf_random_psd_v2_246x96_elastic_12h48h_20260730/Results/chel_T380_cuda_246x246x246_dt0.02_steps152600_xB0.030/phi_123522.vtk,/data/home/luozhiheng/tmp/pf_random_psd_v2_246x96_elastic_12h48h_20260730/Results/chel_T380_cuda_246x246x246_dt0.02_steps152600_xB0.030/xB_123522.vtk
41.0,127155,/data/home/luozhiheng/tmp/pf_random_psd_v2_246x96_elastic_12h48h_20260730/Results/chel_T380_cuda_246x246x246_dt0.02_steps152600_xB0.030/phi_127155.vtk,/data/home/luozhiheng/tmp/pf_random_psd_v2_246x96_elastic_12h48h_20260730/Results/chel_T380_cuda_246x246x246_dt0.02_steps152600_xB0.030/xB_127155.vtk
42.0,130788,/data/home/luozhiheng/tmp/pf_random_psd_v2_246x96_elastic_12h48h_20260730/Results/chel_T380_cuda_246x246x246_dt0.02_steps152600_xB0.030/phi_130788.vtk,/data/home/luozhiheng/tmp/pf_random_psd_v2_246x96_elastic_12h48h_20260730/Results/chel_T380_cuda_246x246x246_dt0.02_steps152600_xB0.030/xB_130788.vtk
43.0,134421,/data/home/luozhiheng/tmp/pf_random_psd_v2_246x96_elastic_12h48h_20260730/Results/chel_T380_cuda_246x246x246_dt0.02_steps152600_xB0.030/phi_134421.vtk,/data/home/luozhiheng/tmp/pf_random_psd_v2_246x96_elastic_12h48h_20260730/Results/chel_T380_cuda_246x246x246_dt0.02_steps152600_xB0.030/xB_134421.vtk
44.0,138054,/data/home/luozhiheng/tmp/pf_random_psd_v2_246x96_elastic_12h48h_20260730/Results/chel_T380_cuda_246x246x246_dt0.02_steps152600_xB0.030/phi_138054.vtk,/data/home/luozhiheng/tmp/pf_random_psd_v2_246x96_elastic_12h48h_20260730/Results/chel_T380_cuda_246x246x246_dt0.02_steps152600_xB0.030/xB_138054.vtk
45.0,141687,/data/home/luozhiheng/tmp/pf_random_psd_v2_246x96_elastic_12h48h_20260730/Results/chel_T380_cuda_246x246x246_dt0.02_steps152600_xB0.030/phi_141687.vtk,/data/home/luozhiheng/tmp/pf_random_psd_v2_246x96_elastic_12h48h_20260730/Results/chel_T380_cuda_246x246x246_dt0.02_steps152600_xB0.030/xB_141687.vtk
46.0,145320,/data/home/luozhiheng/tmp/pf_random_psd_v2_246x96_elastic_12h48h_20260730/Results/chel_T380_cuda_246x246x246_dt0.02_steps152600_xB0.030/phi_145320.vtk,/data/home/luozhiheng/tmp/pf_random_psd_v2_246x96_elastic_12h48h_20260730/Results/chel_T380_cuda_246x246x246_dt0.02_steps152600_xB0.030/xB_145320.vtk
47.0,148953,/data/home/luozhiheng/tmp/pf_random_psd_v2_246x96_elastic_12h48h_20260730/Results/chel_T380_cuda_246x246x246_dt0.02_steps152600_xB0.030/phi_148953.vtk,/data/home/luozhiheng/tmp/pf_random_psd_v2_246x96_elastic_12h48h_20260730/Results/chel_T380_cuda_246x246x246_dt0.02_steps152600_xB0.030/xB_148953.vtk
48.0,152600,/data/home/luozhiheng/tmp/pf_random_psd_v2_246x96_elastic_12h48h_20260730/Results/chel_T380_cuda_246x246x246_dt0.02_steps152600_xB0.030/phi_43.vtk,/data/home/luozhiheng/tmp/pf_random_psd_v2_246x96_elastic_12h48h_20260730/Results/chel_T380_cuda_246x246x246_dt0.02_steps152600_xB0.030/xB_43.vtk
