base_case_tag,case_dir,radius_nominal,r_eff_nm,voxel_count,mean_h,DeltaG_surf_kBT,DeltaG_chem_kBT,DeltaG_el_kBT,DeltaG_total_kBT,is_saddle_candidate,warnings
cntcon_T400_xB0p050_strictref_exx_eyy_s0p0025,/data/home/luozhiheng/CUDA_STO_PF/Results/workflows/T400_xB0p050/raw/chel_T400_cuda_400x400x400_dt0.03_steps30000_r1.587nm_xB0.050/cntcon_T400_xB0p050_strictref_exx_eyy_s0p0025_r1p586644,1.586644,1.576841208884658,16423,0.000261425,672.502114626345,-415.37886671889174,38.391989558625006,295.51525949606634,0,
cntcon_T400_xB0p050_strictref_exx_eyy_s0p0025,/data/home/luozhiheng/CUDA_STO_PF/Results/workflows/T400_xB0p050/raw/chel_T400_cuda_400x400x400_dt0.03_steps30000_r1.687nm_xB0.050/cntcon_T400_xB0p050_strictref_exx_eyy_s0p0025_r1p686644,1.686644,1.6776649851532548,19779,0.000314035621,760.3953037535296,-498.972021349787,46.38401632495456,307.8073014770937,0,
cntcon_T400_xB0p050_strictref_exx_eyy_s0p0025,/data/home/luozhiheng/CUDA_STO_PF/Results/workflows/T400_xB0p050/raw/chel_T400_cuda_400x400x400_dt0.03_steps30000_r1.787nm_xB0.050/cntcon_T400_xB0p050_strictref_exx_eyy_s0p0025_r1p786644,1.786644,1.7786744481872954,23571,0.000373269677,853.673750424052,-593.0891676594067,55.406561509380914,315.99115253144953,0,
cntcon_T400_xB0p050_strictref_exx_eyy_s0p0025,/data/home/luozhiheng/CUDA_STO_PF/Results/workflows/T400_xB0p050/raw/chel_T400_cuda_400x400x400_dt0.03_steps30000_r1.887nm_xB0.050/cntcon_T400_xB0p050_strictref_exx_eyy_s0p0025_r1p886644,1.886644,1.879005724285034,27789,0.000439519868,952.3400741798124,-698.3542717138774,65.52168429066938,319.5074812414625,1,
cntcon_T400_xB0p050_strictref_exx_eyy_s0p0025,/data/home/luozhiheng/CUDA_STO_PF/Results/workflows/T400_xB0p050/raw/chel_T400_cuda_400x400x400_dt0.03_steps30000_r1.987nm_xB0.050/cntcon_T400_xB0p050_strictref_exx_eyy_s0p0025_r1p986644,1.986644,1.9791058299452615,32471,0.000513178893,1056.3969551619975,-815.3912885612745,76.79177438915093,317.7974520018099,0,
cntcon_T400_xB0p050_strictref_exx_eyy_s0p0025,/data/home/luozhiheng/CUDA_STO_PF/Results/workflows/T400_xB0p050/raw/chel_T400_cuda_400x400x400_dt0.03_steps30000_r2.087nm_xB0.050/cntcon_T400_xB0p050_strictref_exx_eyy_s0p0025_r2p086644,2.086644,2.0790881226202558,37645,0.00059463945,1165.8472801002722,-944.8241815132117,89.27930416054575,310.302394477951,0,
cntcon_T400_xB0p050_strictref_exx_eyy_s0p0025,/data/home/luozhiheng/CUDA_STO_PF/Results/workflows/T400_xB0p050/raw/chel_T400_cuda_400x400x400_dt0.03_steps30000_r2.187nm_xB0.050/cntcon_T400_xB0p050_strictref_exx_eyy_s0p0025_r2p186644,2.186644,2.180036196048263,43399,0.000684294239,1280.6938916520924,-1087.2769111267896,103.04704895700947,296.46405151230056,0,
cntcon_T400_xB0p050_strictref_exx_eyy_s0p0025,/data/home/luozhiheng/CUDA_STO_PF/Results/workflows/T400_xB0p050/raw/chel_T400_cuda_400x400x400_dt0.03_steps30000_r2.287nm_xB0.050/cntcon_T400_xB0p050_strictref_exx_eyy_s0p0025_r2p286644,2.286644,2.2800303713992047,49649,0.000782535959,1400.9397867276443,-1243.3734379591092,118.15825239791529,275.72460666936075,0,
cntcon_T400_xB0p050_strictref_exx_eyy_s0p0025,/data/home/luozhiheng/CUDA_STO_PF/Results/workflows/T400_xB0p050/raw/chel_T400_cuda_400x400x400_dt0.03_steps30000_r2.387nm_xB0.050/cntcon_T400_xB0p050_strictref_exx_eyy_s0p0025_r2p386644,2.386644,2.3806850970611007,56519,0.000889757309,1526.58815780754,-1413.737722567272,134.6762407380259,247.52668423571748,0,
cntcon_T400_xB0p050_strictref_exx_eyy_s0p0025,/data/home/luozhiheng/CUDA_STO_PF/Results/workflows/T400_xB0p050/raw/chel_T400_cuda_400x400x400_dt0.03_steps30000_r2.487nm_xB0.050/cntcon_T400_xB0p050_strictref_exx_eyy_s0p0025_r2p486644,2.486644,2.480277068460654,63913,0.00100635099,1657.6420596467399,-1598.9937227538646,152.66508395062522,211.31343185543648,0,
cntcon_T400_xB0p050_strictref_exx_eyy_s0p0025,/data/home/luozhiheng/CUDA_STO_PF/Results/workflows/T400_xB0p050/raw/chel_T400_cuda_400x400x400_dt0.03_steps30000_r2.587nm_xB0.050/cntcon_T400_xB0p050_strictref_exx_eyy_s0p0025_r2p586644,2.586644,2.5810368155935497,72023,0.0011327097,1794.1047976608902,-1799.765404585015,172.1891825505611,166.52857562032,0,
cntcon_T400_xB0p050_strictref_exx_eyy_s0p005,/data/home/luozhiheng/CUDA_STO_PF/Results/workflows/T400_xB0p050/raw/chel_T400_cuda_400x400x400_dt0.03_steps30000_r1.575nm_xB0.050/cntcon_T400_xB0p050_strictref_exx_eyy_s0p005_r1p574736,1.574736,1.5649743849489877,16055,0.000255582965,662.4755384212035,-406.09644149278853,30.84790170267553,287.2270123975377,0,
cntcon_T400_xB0p050_strictref_exx_eyy_s0p005,/data/home/luozhiheng/CUDA_STO_PF/Results/workflows/T400_xB0p050/raw/chel_T400_cuda_400x400x400_dt0.03_steps30000_r1.675nm_xB0.050/cntcon_T400_xB0p050_strictref_exx_eyy_s0p005_r1p674736,1.674736,1.6654181950350935,19349,0.000307431032,749.7459073596851,-488.477973982308,37.44294963621828,298.71090779809725,0,
cntcon_T400_xB0p050_strictref_exx_eyy_s0p005,/data/home/luozhiheng/CUDA_STO_PF/Results/workflows/T400_xB0p050/raw/chel_T400_cuda_400x400x400_dt0.03_steps30000_r1.775nm_xB0.050/cntcon_T400_xB0p050_strictref_exx_eyy_s0p005_r1p774736,1.774736,1.7669258250246676,23107,0.000365855773,842.4043186541871,-581.3091979158418,44.906660801694045,306.00180081551594,0,
cntcon_T400_xB0p050_strictref_exx_eyy_s0p005,/data/home/luozhiheng/CUDA_STO_PF/Results/workflows/T400_xB0p050/raw/chel_T400_cuda_400x400x400_dt0.03_steps30000_r1.875nm_xB0.050/cntcon_T400_xB0p050_strictref_exx_eyy_s0p005_r1p874736,1.874736,1.8662524635122821,27227,0.000431249885,940.4536920885306,-685.2140738504906,53.29222484588564,308.5318210417052,1,
cntcon_T400_xB0p050_strictref_exx_eyy_s0p005,/data/home/luozhiheng/CUDA_STO_PF/Results/workflows/T400_xB0p050/raw/chel_T400_cuda_400x400x400_dt0.03_steps30000_r1.975nm_xB0.050/cntcon_T400_xB0p050_strictref_exx_eyy_s0p005_r1p974736,1.974736,1.966757690402694,31867,0.000504006069,1043.8970824176754,-800.8165650978685,62.65310686687268,305.73362142605225,0,
cntcon_T400_xB0p050_strictref_exx_eyy_s0p005,/data/home/luozhiheng/CUDA_STO_PF/Results/workflows/T400_xB0p050/raw/chel_T400_cuda_400x400x400_dt0.03_steps30000_r2.075nm_xB0.050/cntcon_T400_xB0p050_strictref_exx_eyy_s0p005_r2p074736,2.074736,2.067275813758801,37007,0.000584517023,1152.7377179309037,-928.7406294605635,73.04288214326785,297.03996509846525,0,
cntcon_T400_xB0p050_strictref_exx_eyy_s0p005,/data/home/luozhiheng/CUDA_STO_PF/Results/workflows/T400_xB0p050/raw/chel_T400_cuda_400x400x400_dt0.03_steps30000_r2.175nm_xB0.050/cntcon_T400_xB0p050_strictref_exx_eyy_s0p005_r2p174736,2.174736,2.168150148836842,42693,0.000673175446,1266.9787855998006,-1069.6102302501888,84.51556667575632,281.88411100120027,0,
cntcon_T400_xB0p050_strictref_exx_eyy_s0p005,/data/home/luozhiheng/CUDA_STO_PF/Results/workflows/T400_xB0p050/raw/chel_T400_cuda_400x400x400_dt0.03_steps30000_r2.275nm_xB0.050/cntcon_T400_xB0p050_strictref_exx_eyy_s0p005_r2p274736,2.274736,2.267625022130703,48843,0.000770374037,1386.6237147931001,-1224.0493280238463,97.12539682607746,259.6997863437252,0,
cntcon_T400_xB0p050_strictref_exx_eyy_s0p005,/data/home/luozhiheng/CUDA_STO_PF/Results/workflows/T400_xB0p050/raw/chel_T400_cuda_400x400x400_dt0.03_steps30000_r2.375nm_xB0.050/cntcon_T400_xB0p050_strictref_exx_eyy_s0p005_r2p374736,2.374736,2.368463285517216,55653,0.000876505495,1511.6760450600568,-1392.6818805841233,110.92699458778857,229.92115905760434,0,
cntcon_T400_xB0p050_strictref_exx_eyy_s0p005,/data/home/luozhiheng/CUDA_STO_PF/Results/workflows/T400_xB0p050/raw/chel_T400_cuda_400x400x400_dt0.03_steps30000_r2.475nm_xB0.050/cntcon_T400_xB0p050_strictref_exx_eyy_s0p005_r2p474736,2.474736,2.468344788653392,62995,0.000991962521,1642.1392388235608,-1576.1318512426333,125.97564303758257,191.98303061239244,0,
cntcon_T400_xB0p050_strictref_exx_eyy_s0p005,/data/home/luozhiheng/CUDA_STO_PF/Results/workflows/T400_xB0p050/raw/chel_T400_cuda_400x400x400_dt0.03_steps30000_r2.575nm_xB0.050/cntcon_T400_xB0p050_strictref_exx_eyy_s0p005_r2p574736,2.574736,2.5685774123650997,70985,0.00111713781,1778.0170642574492,-1775.0231978019651,142.3269557937098,145.32080847051333,0,
cntcon_T400_xB0p050_strictref_exx_eyy_s0p0075,/data/home/luozhiheng/CUDA_STO_PF/Results/workflows/T400_xB0p050/raw/chel_T400_cuda_400x400x400_dt0.03_steps30000_r1.572nm_xB0.050/cntcon_T400_xB0p050_strictref_exx_eyy_s0p0075_r1p571623,1.571623,1.5613920775018353,15945,0.00025407022,659.9290021348329,-403.6928368880041,24.261750846248564,280.4978472241343,0,
cntcon_T400_xB0p050_strictref_exx_eyy_s0p0075,/data/home/luozhiheng/CUDA_STO_PF/Results/workflows/T400_xB0p050/raw/chel_T400_cuda_400x400x400_dt0.03_steps30000_r1.672nm_xB0.050/cntcon_T400_xB0p050_strictref_exx_eyy_s0p0075_r1p671623,1.671623,1.6621409926663193,19235,0.000305719858,747.0510405461721,-485.7590850605832,29.597793505122755,290.8897985658275,0,
cntcon_T400_xB0p050_strictref_exx_eyy_s0p0075,/data/home/luozhiheng/CUDA_STO_PF/Results/workflows/T400_xB0p050/raw/chel_T400_cuda_400x400x400_dt0.03_steps30000_r1.772nm_xB0.050/cntcon_T400_xB0p050_strictref_exx_eyy_s0p0075_r1p771623,1.771623,1.7634013116139207,22969,0.000363933945,839.5643771479437,-578.2555998512263,35.65138681061885,296.96019440085917,0,
cntcon_T400_xB0p050_strictref_exx_eyy_s0p0075,/data/home/luozhiheng/CUDA_STO_PF/Results/workflows/T400_xB0p050/raw/chel_T400_cuda_400x400x400_dt0.03_steps30000_r1.872nm_xB0.050/cntcon_T400_xB0p050_strictref_exx_eyy_s0p0075_r1p871623,1.871623,1.8639648544684395,27127,0.000429105179,937.4722898106635,-681.8063445715477,42.46660297135567,298.1327906015036,1,
cntcon_T400_xB0p050_strictref_exx_eyy_s0p0075,/data/home/luozhiheng/CUDA_STO_PF/Results/workflows/T400_xB0p050/raw/chel_T400_cuda_400x400x400_dt0.03_steps30000_r1.972nm_xB0.050/cntcon_T400_xB0p050_strictref_exx_eyy_s0p0075_r1p971623,1.971623,1.9636669512836835,31717,0.000501626259,1040.7782299391695,-797.035277024135,50.08889145247789,293.8316184913259,0,
cntcon_T400_xB0p050_strictref_exx_eyy_s0p0075,/data/home/luozhiheng/CUDA_STO_PF/Results/workflows/T400_xB0p050/raw/chel_T400_cuda_400x400x400_dt0.03_steps30000_r2.072nm_xB0.050/cntcon_T400_xB0p050_strictref_exx_eyy_s0p0075_r2p071623,2.071623,2.064068098658628,36835,0.000581889885,1149.485827981647,-924.5663632751154,58.5623244626103,283.48181119912607,0,
cntcon_T400_xB0p050_strictref_exx_eyy_s0p0075,/data/home/luozhiheng/CUDA_STO_PF/Results/workflows/T400_xB0p050/raw/chel_T400_cuda_400x400x400_dt0.03_steps30000_r2.172nm_xB0.050/cntcon_T400_xB0p050_strictref_exx_eyy_s0p0075_r2p171623,2.171623,2.1657776020506163,42553,0.000670288755,1263.5986868411503,-1065.0235611270762,67.93290236949719,266.50822640238965,0,
cntcon_T400_xB0p050_strictref_exx_eyy_s0p0075,/data/home/luozhiheng/CUDA_STO_PF/Results/workflows/T400_xB0p050/raw/chel_T400_cuda_400x400x400_dt0.03_steps30000_r2.272nm_xB0.050/cntcon_T400_xB0p050_strictref_exx_eyy_s0p0075_r2p271623,2.271623,2.2645256667764495,48643,0.000767215568,1383.1206766084995,-1219.0308283826062,78.24607463827724,242.33599722990454,0,
cntcon_T400_xB0p050_strictref_exx_eyy_s0p0075,/data/home/luozhiheng/CUDA_STO_PF/Results/workflows/T400_xB0p050/raw/chel_T400_cuda_400x400x400_dt0.03_steps30000_r2.372nm_xB0.050/cntcon_T400_xB0p050_strictref_exx_eyy_s0p0075_r2p371623,2.371623,2.365281371613436,55429,0.000873063025,1508.0557637824704,-1387.2121283533183,89.54811708800949,210.39163406698495,0,
cntcon_T400_xB0p050_strictref_exx_eyy_s0p0075,/data/home/luozhiheng/CUDA_STO_PF/Results/workflows/T400_xB0p050/raw/chel_T400_cuda_400x400x400_dt0.03_steps30000_r2.472nm_xB0.050/cntcon_T400_xB0p050_strictref_exx_eyy_s0p0075_r2p471623,2.471623,2.4655989121681534,62785,0.000988223823,1638.4078818076825,-1570.191424350827,101.88530553774103,170.10192275023562,0,
cntcon_T400_xB0p050_strictref_exx_eyy_s0p0075,/data/home/luozhiheng/CUDA_STO_PF/Results/workflows/T400_xB0p050/raw/chel_T400_cuda_400x400x400_dt0.03_steps30000_r2.572nm_xB0.050/cntcon_T400_xB0p050_strictref_exx_eyy_s0p0075_r2p571623,2.571623,2.5652924586148935,70713,0.00111309066,1774.1812671251896,-1768.592671423207,115.30501761174791,120.89364911628537,0,
cntcon_T400_xB0p050_strictref_exx_eyy_s0p01,/data/home/luozhiheng/CUDA_STO_PF/Results/workflows/T400_xB0p050/raw/chel_T400_cuda_400x400x400_dt0.03_steps30000_r1.577nm_xB0.050/cntcon_T400_xB0p050_strictref_exx_eyy_s0p01_r1p577227,1.577227,1.5673751039943784,16129,0.000256797768,664.7570574990796,-408.0266472231759,18.309248169286693,275.0397796376366,0,
cntcon_T400_xB0p050_strictref_exx_eyy_s0p01,/data/home/luozhiheng/CUDA_STO_PF/Results/workflows/T400_xB0p050/raw/chel_T400_cuda_400x400x400_dt0.03_steps30000_r1.677nm_xB0.050/cntcon_T400_xB0p050_strictref_exx_eyy_s0p01_r1p677227,1.677227,1.6672523890882782,19413,0.000308804891,752.2019744198076,-490.66090077498444,22.484539033577995,284.02555207299787,0,
cntcon_T400_xB0p050_strictref_exx_eyy_s0p01,/data/home/luozhiheng/CUDA_STO_PF/Results/workflows/T400_xB0p050/raw/chel_T400_cuda_400x400x400_dt0.03_steps30000_r1.777nm_xB0.050/cntcon_T400_xB0p050_strictref_exx_eyy_s0p01_r1p777227,1.777227,1.7690134588792643,23189,0.00036739847,845.0420403401962,-583.7603922423984,27.23414586648155,288.5156837776386,1,
cntcon_T400_xB0p050_strictref_exx_eyy_s0p01,/data/home/luozhiheng/CUDA_STO_PF/Results/workflows/T400_xB0p050/raw/chel_T400_cuda_400x400x400_dt0.03_steps30000_r1.877nm_xB0.050/cntcon_T400_xB0p050_strictref_exx_eyy_s0p01_r1p877227,1.877227,1.8687623731400043,27337,0.000432971202,943.2809573257696,-687.9490794280058,32.59360188618803,287.92539163341706,0,
cntcon_T400_xB0p050_strictref_exx_eyy_s0p01,/data/home/luozhiheng/CUDA_STO_PF/Results/workflows/T400_xB0p050/raw/chel_T400_cuda_400x400x400_dt0.03_steps30000_r1.977nm_xB0.050/cntcon_T400_xB0p050_strictref_exx_eyy_s0p01_r1p977227,1.977227,1.9694284951980976,31997,0.000505915788,1046.9226175034512,-803.8509228889077,38.60009301871677,281.67154522999596,0,
cntcon_T400_xB0p050_strictref_exx_eyy_s0p01,/data/home/luozhiheng/CUDA_STO_PF/Results/workflows/T400_xB0p050/raw/chel_T400_cuda_400x400x400_dt0.03_steps30000_r2.077nm_xB0.050/cntcon_T400_xB0p050_strictref_exx_eyy_s0p01_r2p077227,2.077227,2.06969366065831,37137,0.000586624926,1155.9711223431566,-932.0898831822044,45.28915248227035,269.1704632544443,0,
cntcon_T400_xB0p050_strictref_exx_eyy_s0p01,/data/home/luozhiheng/CUDA_STO_PF/Results/workflows/T400_xB0p050/raw/chel_T400_cuda_400x400x400_dt0.03_steps30000_r2.177nm_xB0.050/cntcon_T400_xB0p050_strictref_exx_eyy_s0p01_r2p177227,2.177227,2.170585077701401,42837,0.000675491315,1270.430551278696,-1073.2899208649976,52.6985171054976,249.83929074775176,0,
cntcon_T400_xB0p050_strictref_exx_eyy_s0p01,/data/home/luozhiheng/CUDA_STO_PF/Results/workflows/T400_xB0p050/raw/chel_T400_cuda_400x400x400_dt0.03_steps30000_r2.277nm_xB0.050/cntcon_T400_xB0p050_strictref_exx_eyy_s0p01_r2p277227,2.277227,2.27022194869785,49011,0.000772907655,1390.3052564406707,-1228.0749992489002,60.865372814393915,223.09544820218665,0,
cntcon_T400_xB0p050_strictref_exx_eyy_s0p01,/data/home/luozhiheng/CUDA_STO_PF/Results/workflows/T400_xB0p050/raw/chel_T400_cuda_400x400x400_dt0.03_steps30000_r2.377nm_xB0.050/cntcon_T400_xB0p050_strictref_exx_eyy_s0p01_r2p377227,2.377227,2.370957376199903,55829,0.000879266644,1515.599711158256,-1397.0690761365008,69.82690553501448,188.357733366567,0,
cntcon_T400_xB0p050_strictref_exx_eyy_s0p01,/data/home/luozhiheng/CUDA_STO_PF/Results/workflows/T400_xB0p050/raw/chel_T400_cuda_400x400x400_dt0.03_steps30000_r2.477nm_xB0.050/cntcon_T400_xB0p050_strictref_exx_eyy_s0p01_r2p477227,2.477227,2.471214883749613,63215,0.000994960982,1646.3183887606267,-1580.8961120849003,79.62222935248614,145.04439308706958,0,
cntcon_T400_xB0p050_strictref_exx_eyy_s0p01,/data/home/luozhiheng/CUDA_STO_PF/Results/workflows/T400_xB0p050/raw/chel_T400_cuda_400x400x400_dt0.03_steps30000_r2.577nm_xB0.050/cntcon_T400_xB0p050_strictref_exx_eyy_s0p01_r2p577227,2.577227,2.5711319295760426,71197,0.00112038337,1782.4660518008277,-1780.1800704057123,90.28963199807525,92.5756023690145,0,
cntcon_T400_xB0p050_strictref_exx_eyy_sm0p0025,/data/home/luozhiheng/CUDA_STO_PF/Results/workflows/T400_xB0p050/raw/chel_T400_cuda_400x400x400_dt0.03_steps30000_r1.638nm_xB0.050/cntcon_T400_xB0p050_strictref_exx_eyy_sm0p0025_r1p638315,1.638315,1.6301320559456207,18145,0.000287806672,717.0715045880227,-457.29677620193144,58.0620773496208,317.8368139931347,0,
cntcon_T400_xB0p050_strictref_exx_eyy_sm0p0025,/data/home/luozhiheng/CUDA_STO_PF/Results/workflows/T400_xB0p050/raw/chel_T400_cuda_400x400x400_dt0.03_steps30000_r1.738nm_xB0.050/cntcon_T400_xB0p050_strictref_exx_eyy_sm0p0025_r1p738315,1.738315,1.7296444286080652,21675,0.000343790656,807.7100810523659,-546.2498744013375,69.46303436257811,330.92325753456856,0,
cntcon_T400_xB0p050_strictref_exx_eyy_sm0p0025,/data/home/luozhiheng/CUDA_STO_PF/Results/workflows/T400_xB0p050/raw/chel_T400_cuda_400x400x400_dt0.03_steps30000_r1.838nm_xB0.050/cntcon_T400_xB0p050_strictref_exx_eyy_sm0p0025_r1p838315,1.838315,1.8314733499760212,25733,0.000406600987,903.7294004131766,-646.0493745216401,82.26108038884334,339.94112004682887,0,
cntcon_T400_xB0p050_strictref_exx_eyy_sm0p0025,/data/home/luozhiheng/CUDA_STO_PF/Results/workflows/T400_xB0p050/raw/chel_T400_cuda_400x400x400_dt0.03_steps30000_r1.938nm_xB0.050/cntcon_T400_xB0p050_strictref_exx_eyy_sm0p0025_r1p938315,1.938315,1.9306737550543032,30145,0.000476630363,1005.1315423277985,-757.3192343654268,96.53686757019446,344.34916726291056,1,
cntcon_T400_xB0p050_strictref_exx_eyy_sm0p0025,/data/home/luozhiheng/CUDA_STO_PF/Results/workflows/T400_xB0p050/raw/chel_T400_cuda_400x400x400_dt0.03_steps30000_r2.038nm_xB0.050/cntcon_T400_xB0p050_strictref_exx_eyy_sm0p0025_r2p038315,2.038315,2.0315047584011023,35119,0.000554271485,1111.9186470528634,-880.6834172443118,112.3711031386693,343.6063577317224,0,
cntcon_T400_xB0p050_strictref_exx_eyy_sm0p0025,/data/home/luozhiheng/CUDA_STO_PF/Results/workflows/T400_xB0p050/raw/chel_T400_cuda_400x400x400_dt0.03_steps30000_r2.138nm_xB0.050/cntcon_T400_xB0p050_strictref_exx_eyy_sm0p0025_r2p138315,2.138315,2.13112581910632,40543,0.000639917052,1224.092893408185,-1016.7658809608829,129.8449075032628,337.17192545347496,0,
cntcon_T400_xB0p050_strictref_exx_eyy_sm0p0025,/data/home/luozhiheng/CUDA_STO_PF/Results/workflows/T400_xB0p050/raw/chel_T400_cuda_400x400x400_dt0.03_steps30000_r2.238nm_xB0.050/cntcon_T400_xB0p050_strictref_exx_eyy_sm0p0025_r2p238315,2.238315,2.231776917153245,46563,0.000733959761,1341.6566502749768,-1166.1905888267538,149.0394837083607,324.50554515046736,0,
cntcon_T400_xB0p050_strictref_exx_eyy_sm0p0025,/data/home/luozhiheng/CUDA_STO_PF/Results/workflows/T400_xB0p050/raw/chel_T400_cuda_400x400x400_dt0.03_steps30000_r2.338nm_xB0.050/cntcon_T400_xB0p050_strictref_exx_eyy_sm0p0025_r2p338315,2.338315,2.3325123462076878,53157,0.000836792313,1464.6122038990602,-1329.5815013990257,170.03636533991298,305.067056815779,0,
cntcon_T400_xB0p050_strictref_exx_eyy_sm0p0025,/data/home/luozhiheng/CUDA_STO_PF/Results/workflows/T400_xB0p050/raw/chel_T400_cuda_400x400x400_dt0.03_steps30000_r2.438nm_xB0.050/cntcon_T400_xB0p050_strictref_exx_eyy_sm0p0025_r2p438315,2.438315,2.432429258280426,60285,0.000948807407,1592.961961724832,-1507.5625764802862,192.91749916082438,278.31687889022805,0,
cntcon_T400_xB0p050_strictref_exx_eyy_sm0p0025,/data/home/luozhiheng/CUDA_STO_PF/Results/workflows/T400_xB0p050/raw/chel_T400_cuda_400x400x400_dt0.03_steps30000_r2.538nm_xB0.050/cntcon_T400_xB0p050_strictref_exx_eyy_sm0p0025_r2p538315,2.538315,2.5324662773307396,68033,0.00107039774,1726.708551557731,-1700.7577773821488,217.76499720478512,243.71576035619861,0,
cntcon_T400_xB0p050_strictref_exx_eyy_sm0p0025,/data/home/luozhiheng/CUDA_STO_PF/Results/workflows/T400_xB0p050/raw/chel_T400_cuda_400x400x400_dt0.03_steps30000_r2.638nm_xB0.050/cntcon_T400_xB0p050_strictref_exx_eyy_sm0p0025_r2p638315,2.638315,2.632607218206805,76427,0.00120195602,1865.8543780876405,-1909.7910646617158,244.6615774983508,200.72489091815947,0,
cntcon_T400_xB0p050_strictref_exx_eyy_sm0p005,/data/home/luozhiheng/CUDA_STO_PF/Results/workflows/T400_xB0p050/raw/chel_T400_cuda_400x400x400_dt0.03_steps30000_r1.679nm_xB0.050/cntcon_T400_xB0p050_strictref_exx_eyy_sm0p005_r1p679465,1.679465,1.669996136719962,19509,0.000310042698,753.6296991271338,-492.62765613888445,71.40342352766955,332.40546100077677,0,
cntcon_T400_xB0p050_strictref_exx_eyy_sm0p005,/data/home/luozhiheng/CUDA_STO_PF/Results/workflows/T400_xB0p050/raw/chel_T400_cuda_400x400x400_dt0.03_steps30000_r1.779nm_xB0.050/cntcon_T400_xB0p050_strictref_exx_eyy_sm0p005_r1p779465,1.779465,1.7715527039838728,23289,0.000368788174,846.4642587759575,-585.9684980387631,84.94926475372343,345.44502273028695,0,
cntcon_T400_xB0p050_strictref_exx_eyy_sm0p005,/data/home/luozhiheng/CUDA_STO_PF/Results/workflows/T400_xB0p050/raw/chel_T400_cuda_400x400x400_dt0.03_steps30000_r1.879nm_xB0.050/cntcon_T400_xB0p050_strictref_exx_eyy_sm0p005_r1p879465,1.879465,1.8704470718121649,27411,0.000434521593,944.6777240610519,-690.412498283429,100.10374159446852,354.36898389305236,0,
cntcon_T400_xB0p050_strictref_exx_eyy_sm0p005,/data/home/luozhiheng/CUDA_STO_PF/Results/workflows/T400_xB0p050/raw/chel_T400_cuda_400x400x400_dt0.03_steps30000_r1.979nm_xB0.050/cntcon_T400_xB0p050_strictref_exx_eyy_sm0p005_r1p979465,1.979465,1.9717646385718506,32111,0.000507635653,1048.2718826613784,-806.5836201844965,116.95717453245237,358.64542047613844,1,
cntcon_T400_xB0p050_strictref_exx_eyy_sm0p005,/data/home/luozhiheng/CUDA_STO_PF/Results/workflows/T400_xB0p050/raw/chel_T400_cuda_400x400x400_dt0.03_steps30000_r2.079nm_xB0.050/cntcon_T400_xB0p050_strictref_exx_eyy_sm0p005_r2p079465,2.079465,2.071475528070771,37233,0.000588523055,1157.2486709996042,-935.1058242990658,135.59999423073472,357.742821643568,0,
cntcon_T400_xB0p050_strictref_exx_eyy_sm0p005,/data/home/luozhiheng/CUDA_STO_PF/Results/workflows/T400_xB0p050/raw/chel_T400_cuda_400x400x400_dt0.03_steps30000_r2.179nm_xB0.050/cntcon_T400_xB0p050_strictref_exx_eyy_sm0p005_r2p179465,2.179465,2.1728460175800395,42971,0.000677576496,1271.610014480343,-1076.6030711842382,156.12274153290826,351.12967655935756,0,
cntcon_T400_xB0p050_strictref_exx_eyy_sm0p005,/data/home/luozhiheng/CUDA_STO_PF/Results/workflows/T400_xB0p050/raw/chel_T400_cuda_400x400x400_dt0.03_steps30000_r2.279nm_xB0.050/cntcon_T400_xB0p050_strictref_exx_eyy_sm0p005_r2p279465,2.279465,2.272689700545874,49171,0.000775188676,1391.357918389087,-1231.6993213971148,178.61639800464425,338.2749977450143,0,
cntcon_T400_xB0p050_strictref_exx_eyy_sm0p005,/data/home/luozhiheng/CUDA_STO_PF/Results/workflows/T400_xB0p050/raw/chel_T400_cuda_400x400x400_dt0.03_steps30000_r2.379nm_xB0.050/cntcon_T400_xB0p050_strictref_exx_eyy_sm0p005_r2p379465,2.379465,2.373276701808656,55993,0.000881752295,1516.4945587911373,-1401.0185327402828,203.1720278470078,318.6480456282086,0,
cntcon_T400_xB0p050_strictref_exx_eyy_sm0p005,/data/home/luozhiheng/CUDA_STO_PF/Results/workflows/T400_xB0p050/raw/chel_T400_cuda_400x400x400_dt0.03_steps30000_r2.479nm_xB0.050/cntcon_T400_xB0p050_strictref_exx_eyy_sm0p005_r2p479465,2.479465,2.4737662739194657,63411,0.00099766005,1647.0219547445508,-1585.1846685253568,229.8810533477576,291.71832854278347,0,
cntcon_T400_xB0p050_strictref_exx_eyy_sm0p005,/data/home/luozhiheng/CUDA_STO_PF/Results/workflows/T400_xB0p050/raw/chel_T400_cuda_400x400x400_dt0.03_steps30000_r2.579nm_xB0.050/cntcon_T400_xB0p050_strictref_exx_eyy_sm0p005_r2p579465,2.579465,2.574666135989833,71491,0.00112330464,1782.9423594409936,-1784.82169206395,258.83533751673974,256.95598836059037,0,
cntcon_T400_xB0p050_strictref_exx_eyy_sm0p005,/data/home/luozhiheng/CUDA_STO_PF/Results/workflows/T400_xB0p050/raw/chel_T400_cuda_400x400x400_dt0.03_steps30000_r2.679nm_xB0.050/cntcon_T400_xB0p050_strictref_exx_eyy_sm0p005_r2p679465,2.679465,2.673955590826189,80085,0.00125907877,1924.2581142165488,-2000.553558404138,290.12685354432443,213.831414859644,0,
cntcon_T400_xB0p050_strictref_exx_eyy_sm0p0075,/data/home/luozhiheng/CUDA_STO_PF/Results/workflows/T400_xB0p050/raw/chel_T400_cuda_400x400x400_dt0.03_steps30000_r1.732nm_xB0.050/cntcon_T400_xB0p050_strictref_exx_eyy_sm0p0075_r1p732283,1.732283,1.7255917885807766,21523,0.000340224172,801.9000087356104,-540.583078080298,88.28407105447607,349.6011421838358,0,
cntcon_T400_xB0p050_strictref_exx_eyy_sm0p0075,/data/home/luozhiheng/CUDA_STO_PF/Results/workflows/T400_xB0p050/raw/chel_T400_cuda_400x400x400_dt0.03_steps30000_r1.832nm_xB0.050/cntcon_T400_xB0p050_strictref_exx_eyy_sm0p0075_r1p832283,1.832283,1.8255230248936498,25483,0.000402611608,897.5571729856113,-639.710639535389,104.39053514658113,362.2369198469808,0,
cntcon_T400_xB0p050_strictref_exx_eyy_sm0p0075,/data/home/luozhiheng/CUDA_STO_PF/Results/workflows/T400_xB0p050/raw/chel_T400_cuda_400x400x400_dt0.03_steps30000_r1.932nm_xB0.050/cntcon_T400_xB0p050_strictref_exx_eyy_sm0p0075_r1p932283,1.932283,1.9251070462945308,29885,0.000472194402,998.5915378283112,-750.2709230478011,122.34197207211064,370.66242433023746,0,
cntcon_T400_xB0p050_strictref_exx_eyy_sm0p0075,/data/home/luozhiheng/CUDA_STO_PF/Results/workflows/T400_xB0p050/raw/chel_T400_cuda_400x400x400_dt0.03_steps30000_r2.032nm_xB0.050/cntcon_T400_xB0p050_strictref_exx_eyy_sm0p0075_r2p032283,2.032283,2.025548423197877,34811,0.000549365254,1105.0047256718906,-872.8878919291484,142.23837065437579,374.35512451012625,1,
cntcon_T400_xB0p050_strictref_exx_eyy_sm0p0075,/data/home/luozhiheng/CUDA_STO_PF/Results/workflows/T400_xB0p050/raw/chel_T400_cuda_400x400x400_dt0.03_steps30000_r2.132nm_xB0.050/cntcon_T400_xB0p050_strictref_exx_eyy_sm0p0075_r2p132283,2.132283,2.126243658654895,40265,0.000634516863,1216.7983754516074,-1008.185506736532,164.18027061929914,372.7930401657908,0,
cntcon_T400_xB0p050_strictref_exx_eyy_sm0p0075,/data/home/luozhiheng/CUDA_STO_PF/Results/workflows/T400_xB0p050/raw/chel_T400_cuda_400x400x400_dt0.03_steps30000_r2.232nm_xB0.050/cntcon_T400_xB0p050_strictref_exx_eyy_sm0p0075_r2p232283,2.232283,2.2255927696058504,46177,0.000728041928,1333.974261073858,-1156.7877280270525,188.26793624149474,365.454466527672,0,
cntcon_T400_xB0p050_strictref_exx_eyy_sm0p0075,/data/home/luozhiheng/CUDA_STO_PF/Results/workflows/T400_xB0p050/raw/chel_T400_cuda_400x400x400_dt0.03_steps30000_r2.332nm_xB0.050/cntcon_T400_xB0p050_strictref_exx_eyy_sm0p0075_r2p332283,2.332283,2.3263529398184013,52737,0.000830333147,1456.5341068638058,-1319.3185136032982,214.60218269817605,351.8176988262045,0,
cntcon_T400_xB0p050_strictref_exx_eyy_sm0p0075,/data/home/luozhiheng/CUDA_STO_PF/Results/workflows/T400_xB0p050/raw/chel_T400_cuda_400x400x400_dt0.03_steps30000_r2.432nm_xB0.050/cntcon_T400_xB0p050_strictref_exx_eyy_sm0p0075_r2p432283,2.432283,2.4258751034693855,59799,0.000941783221,1584.4797363090815,-1496.4018295313952,243.2841006178773,331.36213409704595,0,
cntcon_T400_xB0p050_strictref_exx_eyy_sm0p0075,/data/home/luozhiheng/CUDA_STO_PF/Results/workflows/T400_xB0p050/raw/chel_T400_cuda_400x400x400_dt0.03_steps30000_r2.532nm_xB0.050/cntcon_T400_xB0p050_strictref_exx_eyy_sm0p0075_r2p532283,2.532283,2.5266708836070277,67567,0.00106278485,1717.8131381681005,-1688.6616308594191,274.4150560804236,303.5666184732487,0,
cntcon_T400_xB0p050_strictref_exx_eyy_sm0p0075,/data/home/luozhiheng/CUDA_STO_PF/Results/workflows/T400_xB0p050/raw/chel_T400_cuda_400x400x400_dt0.03_steps30000_r2.632nm_xB0.050/cntcon_T400_xB0p050_strictref_exx_eyy_sm0p0075_r2p632283,2.632283,2.6262538269281204,75875,0.00119373073,1856.5361001198232,-1896.7218781444708,308.0961397143431,267.9105489904706,0,
cntcon_T400_xB0p050_strictref_exx_eyy_sm0p0075,/data/home/luozhiheng/CUDA_STO_PF/Results/workflows/T400_xB0p050/raw/chel_T400_cuda_400x400x400_dt0.03_steps30000_r2.732nm_xB0.050/cntcon_T400_xB0p050_strictref_exx_eyy_sm0p0075_r2p732283,2.732283,2.725959335636963,84849,0.00133501355,2000.650654994874,-2121.206537452677,344.42981940468405,223.8741490382717,0,
cntcon_T400_xB0p050_strictref_exx_eyy_sm0p01,/data/home/luozhiheng/CUDA_STO_PF/Results/workflows/T400_xB0p050/raw/chel_T400_cuda_400x400x400_dt0.03_steps30000_r1.798nm_xB0.050/cntcon_T400_xB0p050_strictref_exx_eyy_sm0p01_r1p798379,1.798379,1.7894253103182667,24001,0.0003806732,864.4236149264758,-604.8526461334076,110.09347894223427,369.66446425626356,0,
cntcon_T400_xB0p050_strictref_exx_eyy_sm0p01,/data/home/luozhiheng/CUDA_STO_PF/Results/workflows/T400_xB0p050/raw/chel_T400_cuda_400x400x400_dt0.03_steps30000_r1.898nm_xB0.050/cntcon_T400_xB0p050_strictref_exx_eyy_sm0p01_r1p898379,1.898379,1.8917660812251336,28359,0.00044777248,963.6160093549622,-711.4668666021018,129.30675829086897,381.45598367299783,0,
cntcon_T400_xB0p050_strictref_exx_eyy_sm0p01,/data/home/luozhiheng/CUDA_STO_PF/Results/workflows/T400_xB0p050/raw/chel_T400_cuda_400x400x400_dt0.03_steps30000_r1.998nm_xB0.050/cntcon_T400_xB0p050_strictref_exx_eyy_sm0p01_r1p998379,1.998379,1.991662944846481,33093,0.000522326677,1068.18405633982,-829.926225838347,150.63164733508714,388.8895880109657,0,
cntcon_T400_xB0p050_strictref_exx_eyy_sm0p01,/data/home/luozhiheng/CUDA_STO_PF/Results/workflows/T400_xB0p050/raw/chel_T400_cuda_400x400x400_dt0.03_steps30000_r2.098nm_xB0.050/cntcon_T400_xB0p050_strictref_exx_eyy_sm0p01_r2p098379,2.098379,2.092113977763112,38357,0.000604728489,1178.1291661917253,-960.8546816447313,174.17805114514206,391.4526623936177,1,
cntcon_T400_xB0p050_strictref_exx_eyy_sm0p01,/data/home/luozhiheng/CUDA_STO_PF/Results/workflows/T400_xB0p050/raw/chel_T400_cuda_400x400x400_dt0.03_steps30000_r2.198nm_xB0.050/cntcon_T400_xB0p050_strictref_exx_eyy_sm0p01_r2p198379,2.198379,2.191860284696051,44109,0.000695370617,1293.4528235932057,-1104.8761973328683,200.05725204780083,388.6336937496512,0,
cntcon_T400_xB0p050_strictref_exx_eyy_sm0p01,/data/home/luozhiheng/CUDA_STO_PF/Results/workflows/T400_xB0p050/raw/chel_T400_cuda_400x400x400_dt0.03_steps30000_r2.298nm_xB0.050/cntcon_T400_xB0p050_strictref_exx_eyy_sm0p01_r2p298379,2.298379,2.291665945074878,50413,0.000794645759,1414.1564774181202,-1262.614730705346,228.3788796620258,379.9206181051461,0,
cntcon_T400_xB0p050_strictref_exx_eyy_sm0p01,/data/home/luozhiheng/CUDA_STO_PF/Results/workflows/T400_xB0p050/raw/chel_T400_cuda_400x400x400_dt0.03_steps30000_r2.398nm_xB0.050/cntcon_T400_xB0p050_strictref_exx_eyy_sm0p01_r2p398379,2.398379,2.3927548952757127,57383,0.000902946614,1540.2417528291612,-1434.6942423192654,259.254491765863,364.8019223887642,0,
cntcon_T400_xB0p050_strictref_exx_eyy_sm0p01,/data/home/luozhiheng/CUDA_STO_PF/Results/workflows/T400_xB0p050/raw/chel_T400_cuda_400x400x400_dt0.03_steps30000_r2.498nm_xB0.050/cntcon_T400_xB0p050_strictref_exx_eyy_sm0p01_r2p498379,2.498379,2.4920443764082054,64827,0.00102066588,1671.710219898761,-1621.73869548624,292.7948197834979,342.7663689805296,0,
cntcon_T400_xB0p050_strictref_exx_eyy_sm0p01,/data/home/luozhiheng/CUDA_STO_PF/Results/workflows/T400_xB0p050/raw/chel_T400_cuda_400x400x400_dt0.03_steps30000_r2.598nm_xB0.050/cntcon_T400_xB0p050_strictref_exx_eyy_sm0p01_r2p598379,2.598379,2.592595927719393,72995,0.00114819626,1808.5634431903256,-1824.372048008858,329.11142149300053,313.30299571169746,0,
cntcon_T400_xB0p050_strictref_exx_eyy_sm0p01,/data/home/luozhiheng/CUDA_STO_PF/Results/workflows/T400_xB0p050/raw/chel_T400_cuda_400x400x400_dt0.03_steps30000_r2.698nm_xB0.050/cntcon_T400_xB0p050_strictref_exx_eyy_sm0p01_r2p698379,2.698379,2.6934897717601176,81853,0.00128593045,1950.8032572095392,-2043.218263198733,368.3161301237434,275.90111586489763,0,
cntcon_T400_xB0p050_strictref_exx_eyy_sm0p01,/data/home/luozhiheng/CUDA_STO_PF/Results/workflows/T400_xB0p050/raw/chel_T400_cuda_400x400x400_dt0.03_steps30000_r2.798nm_xB0.050/cntcon_T400_xB0p050_strictref_exx_eyy_sm0p01_r2p798379,2.798379,2.793108098967006,91275,0.00143426115,2098.4312761010424,-2278.9013016129666,410.52022800249375,230.05031817400285,0,
cntcon_T400_xB0p050_strictref_exx_s000,/data/home/luozhiheng/CUDA_STO_PF/Results/workflows/T400_xB0p050/raw/chel_T400_cuda_400x400x400_dt0.03_steps30000_r1.577nm_xB0.050/cntcon_T400_xB0p050_strictref_exx_s000_r1p576511,1.576511,1.5671159212692178,16121,0.000256448198,663.8180495131595,-407.47121344145563,44.544236657596166,300.89107327408635,0,
cntcon_T400_xB0p050_strictref_exx_s000,/data/home/luozhiheng/CUDA_STO_PF/Results/workflows/T400_xB0p050/raw/chel_T400_cuda_400x400x400_dt0.03_steps30000_r1.677nm_xB0.050/cntcon_T400_xB0p050_strictref_exx_s000_r1p676511,1.676511,1.6678819621482335,19435,0.000308409578,751.1484062366014,-490.03278641222096,53.75782384834535,314.87344421751226,0,
cntcon_T400_xB0p050_strictref_exx_s000,/data/home/luozhiheng/CUDA_STO_PF/Results/workflows/T400_xB0p050/raw/chel_T400_cuda_400x400x400_dt0.03_steps30000_r1.777nm_xB0.050/cntcon_T400_xB0p050_strictref_exx_s000_r1p776511,1.776511,1.7677920277162347,23141,0.000366954602,843.8609189216996,-583.0551294784427,64.15487241641749,324.96066378171736,0,
cntcon_T400_xB0p050_strictref_exx_s000,/data/home/luozhiheng/CUDA_STO_PF/Results/workflows/T400_xB0p050/raw/chel_T400_cuda_400x400x400_dt0.03_steps30000_r1.877nm_xB0.050/cntcon_T400_xB0p050_strictref_exx_s000_r1p876511,1.876511,1.8678504590875344,27297,0.000432475968,941.9578820778155,-687.1621976881958,75.806521241908,330.60220397270353,0,
cntcon_T400_xB0p050_strictref_exx_s000,/data/home/luozhiheng/CUDA_STO_PF/Results/workflows/T400_xB0p050/raw/chel_T400_cuda_400x400x400_dt0.03_steps30000_r1.977nm_xB0.050/cntcon_T400_xB0p050_strictref_exx_s000_r1p976511,1.976511,1.968730676649767,31963,0.000505366375,1045.4416563226232,-802.9779571076072,88.78422459665529,331.24792242829835,1,
cntcon_T400_xB0p050_strictref_exx_s000,/data/home/luozhiheng/CUDA_STO_PF/Results/workflows/T400_xB0p050/raw/chel_T400_cuda_400x400x400_dt0.03_steps30000_r2.077nm_xB0.050/cntcon_T400_xB0p050_strictref_exx_s000_r2p076511,2.076511,2.06846684478324,37071,0.000586018523,1154.3147785626315,-931.1263682937777,103.15949294456364,326.34790541091144,0,
cntcon_T400_xB0p050_strictref_exx_s000,/data/home/luozhiheng/CUDA_STO_PF/Results/workflows/T400_xB0p050/raw/chel_T400_cuda_400x400x400_dt0.03_steps30000_r2.177nm_xB0.050/cntcon_T400_xB0p050_strictref_exx_s000_r2p176511,2.176511,2.169571188174576,42777,0.000674825111,1268.5797251050622,-1072.2313862947822,119.00416729110215,315.3525036162041,0,
cntcon_T400_xB0p050_strictref_exx_s000,/data/home/luozhiheng/CUDA_STO_PF/Results/workflows/T400_xB0p050/raw/chel_T400_cuda_400x400x400_dt0.03_steps30000_r2.277nm_xB0.050/cntcon_T400_xB0p050_strictref_exx_s000_r2p276511,2.276511,2.26938787038555,48957,0.000772178837,1388.2391760911025,-1226.9169799312606,136.39038172192716,297.7125800792631,0,
cntcon_T400_xB0p050_strictref_exx_s000,/data/home/luozhiheng/CUDA_STO_PF/Results/workflows/T400_xB0p050/raw/chel_T400_cuda_400x400x400_dt0.03_steps30000_r2.377nm_xB0.050/cntcon_T400_xB0p050_strictref_exx_s000_r2p376511,2.376511,2.3703909981898086,55789,0.000878472401,1513.2959053153825,-1395.807101496775,155.39049922272852,272.8793035861223,0,
cntcon_T400_xB0p050_strictref_exx_s000,/data/home/luozhiheng/CUDA_STO_PF/Results/workflows/T400_xB0p050/raw/chel_T400_cuda_400x400x400_dt0.03_steps30000_r2.477nm_xB0.050/cntcon_T400_xB0p050_strictref_exx_s000_r2p476511,2.476511,2.470250232405378,63141,0.000994098502,1643.7525708829842,-1579.5257170574519,176.07746921502212,240.30432468714602,0,
cntcon_T400_xB0p050_strictref_exx_s000,/data/home/luozhiheng/CUDA_STO_PF/Results/workflows/T400_xB0p050/raw/chel_T400_cuda_400x400x400_dt0.03_steps30000_r2.577nm_xB0.050/cntcon_T400_xB0p050_strictref_exx_s000_r2p576511,2.576511,2.5713967304207976,71219,0.00111944984,1779.612136649938,-1778.6967844158796,198.52449095465641,199.43984345805015,0,
cntcon_T400_xB0p050_strictref_exx_s0p0025,/data/home/luozhiheng/CUDA_STO_PF/Results/workflows/T400_xB0p050/raw/chel_T400_cuda_400x400x400_dt0.03_steps30000_r1.534nm_xB0.050/cntcon_T400_xB0p050_strictref_exx_s0p0025_r1p533967,1.533967,1.5245594327761216,14843,0.000236241769,628.4531981668985,-375.3651658721787,28.37361904782687,281.46165133643007,0,
cntcon_T400_xB0p050_strictref_exx_s0p0025,/data/home/luozhiheng/CUDA_STO_PF/Results/workflows/T400_xB0p050/raw/chel_T400_cuda_400x400x400_dt0.03_steps30000_r1.634nm_xB0.050/cntcon_T400_xB0p050_strictref_exx_s0p0025_r1p633967,1.633967,1.6262296900885114,18015,0.000285521278,713.5324566544654,-453.66550717183304,34.58950826157083,294.4564577380868,0,
cntcon_T400_xB0p050_strictref_exx_s0p0025,/data/home/luozhiheng/CUDA_STO_PF/Results/workflows/T400_xB0p050/raw/chel_T400_cuda_400x400x400_dt0.03_steps30000_r1.734nm_xB0.050/cntcon_T400_xB0p050_strictref_exx_s0p0025_r1p733967,1.733967,1.7250036431628735,21501,0.00034121736,803.9996418085049,-542.1611578818502,41.642761175588326,303.481245096127,0,
cntcon_T400_xB0p050_strictref_exx_s0p0025,/data/home/luozhiheng/CUDA_STO_PF/Results/workflows/T400_xB0p050/raw/chel_T400_cuda_400x400x400_dt0.03_steps30000_r1.834nm_xB0.050/cntcon_T400_xB0p050_strictref_exx_s0p0025_r1p833967,1.833967,1.8269546398197913,25543,0.000403722716,899.8577422756642,-641.4760813138441,49.585691501513274,307.96735245721675,1,
cntcon_T400_xB0p050_strictref_exx_s0p0025,/data/home/luozhiheng/CUDA_STO_PF/Results/workflows/T400_xB0p050/raw/chel_T400_cuda_400x400x400_dt0.03_steps30000_r1.934nm_xB0.050/cntcon_T400_xB0p050_strictref_exx_s0p0025_r1p933967,1.933967,1.9259226514868106,29923,0.000473430042,1001.109942273016,-752.2342352704025,58.47063774159632,307.3463447380939,0,
cntcon_T400_xB0p050_strictref_exx_s0p0025,/data/home/luozhiheng/CUDA_STO_PF/Results/workflows/T400_xB0p050/raw/chel_T400_cuda_400x400x400_dt0.03_steps30000_r2.034nm_xB0.050/cntcon_T400_xB0p050_strictref_exx_s0p0025_r2p033967,2.033967,2.026362714108988,34853,0.000550732039,1107.7594342811726,-875.0595803086263,68.35014774108018,301.0499989529974,0,
cntcon_T400_xB0p050_strictref_exx_s0p0025,/data/home/luozhiheng/CUDA_STO_PF/Results/workflows/T400_xB0p050/raw/chel_T400_cuda_400x400x400_dt0.03_steps30000_r2.134nm_xB0.050/cntcon_T400_xB0p050_strictref_exx_s0p0025_r2p133967,2.133967,2.1267715900629725,40295,0.000636021406,1219.809589824094,-1010.5760797401298,79.27709437774615,288.510601701081,0,
cntcon_T400_xB0p050_strictref_exx_s0p0025,/data/home/luozhiheng/CUDA_STO_PF/Results/workflows/T400_xB0p050/raw/chel_T400_cuda_400x400x400_dt0.03_steps30000_r2.234nm_xB0.050/cntcon_T400_xB0p050_strictref_exx_s0p0025_r2p233967,2.233967,2.227647277688816,46305,0.000729690842,1337.2639704871385,-1159.4076913675,91.3044689734346,269.16074808695674,0,
cntcon_T400_xB0p050_strictref_exx_s0p0025,/data/home/luozhiheng/CUDA_STO_PF/Results/workflows/T400_xB0p050/raw/chel_T400_cuda_400x400x400_dt0.03_steps30000_r2.334nm_xB0.050/cntcon_T400_xB0p050_strictref_exx_s0p0025_r2p333967,2.333967,2.3274111547547305,52809,0.000832133046,1460.1260166570921,-1322.1783785023517,104.48587435188288,242.43351250050688,0,
cntcon_T400_xB0p050_strictref_exx_s0p0025,/data/home/luozhiheng/CUDA_STO_PF/Results/workflows/T400_xB0p050/raw/chel_T400_cuda_400x400x400_dt0.03_steps30000_r2.434nm_xB0.050/cntcon_T400_xB0p050_strictref_exx_s0p0025_r2p433967,2.433967,2.4283336847679116,59981,0.000943740716,1588.3994854897396,-1499.512098947272,118.87513920689547,207.76252574324675,0,
cntcon_T400_xB0p050_strictref_exx_s0p0025,/data/home/luozhiheng/CUDA_STO_PF/Results/workflows/T400_xB0p050/raw/chel_T400_cuda_400x400x400_dt0.03_steps30000_r2.534nm_xB0.050/cntcon_T400_xB0p050_strictref_exx_s0p0025_r2p533967,2.533967,2.5274683927791695,67631,0.00106490655,1722.0881699495358,-1692.0328132593627,134.52654672692975,164.58190341098646,0,
cntcon_T400_xB0p050_strictref_exx_s0p005,/data/home/luozhiheng/CUDA_STO_PF/Results/workflows/T400_xB0p050/raw/chel_T400_cuda_400x400x400_dt0.03_steps30000_r1.495nm_xB0.050/cntcon_T400_xB0p050_strictref_exx_s0p005_r1p495370,1.49537,1.487079999928458,13775,0.000218854069,597.2195048770272,-347.73780500586525,13.641477918763094,263.1231777838089,0,
cntcon_T400_xB0p050_strictref_exx_s0p005,/data/home/luozhiheng/CUDA_STO_PF/Results/workflows/T400_xB0p050/raw/chel_T400_cuda_400x400x400_dt0.03_steps30000_r1.595nm_xB0.050/cntcon_T400_xB0p050_strictref_exx_s0p005_r1p595370,1.59537,1.5856887885740878,16701,0.000265762009,680.2615475571602,-422.2699531867727,16.95774634676514,274.9493489745754,0,
cntcon_T400_xB0p050_strictref_exx_s0p005,/data/home/luozhiheng/CUDA_STO_PF/Results/workflows/T400_xB0p050/raw/chel_T400_cuda_400x400x400_dt0.03_steps30000_r1.695nm_xB0.050/cntcon_T400_xB0p050_strictref_exx_s0p005_r1p695370,1.69537,1.6877823108788317,20139,0.000318934953,768.698050608694,-506.7565837030557,20.755531199087425,282.6970228892271,0,
cntcon_T400_xB0p050_strictref_exx_s0p005,/data/home/luozhiheng/CUDA_STO_PF/Results/workflows/T400_xB0p050/raw/chel_T400_cuda_400x400x400_dt0.03_steps30000_r1.795nm_xB0.050/cntcon_T400_xB0p050_strictref_exx_s0p005_r1p795370,1.79537,1.7862385705000514,23873,0.000378765599,862.5329171766047,-601.8216516027891,25.06620637924706,285.7774774559712,1,
cntcon_T400_xB0p050_strictref_exx_s0p005,/data/home/luozhiheng/CUDA_STO_PF/Results/workflows/T400_xB0p050/raw/chel_T400_cuda_400x400x400_dt0.03_steps30000_r1.895nm_xB0.050/cntcon_T400_xB0p050_strictref_exx_s0p005_r1p895370,1.89537,1.888156979776695,28197,0.000445646646,961.7701220232073,-708.0891229520998,29.92114579075221,283.6021558737952,0,
cntcon_T400_xB0p050_strictref_exx_s0p005,/data/home/luozhiheng/CUDA_STO_PF/Results/workflows/T400_xB0p050/raw/chel_T400_cuda_400x400x400_dt0.03_steps30000_r1.995nm_xB0.050/cntcon_T400_xB0p050_strictref_exx_s0p005_r1p995370,1.99537,1.9879245356886264,32907,0.000519970794,1066.413799672573,-826.1829583080888,35.352136514074175,275.5829696089028,0,
cntcon_T400_xB0p050_strictref_exx_s0p005,/data/home/luozhiheng/CUDA_STO_PF/Results/workflows/T400_xB0p050/raw/chel_T400_cuda_400x400x400_dt0.03_steps30000_r2.095nm_xB0.050/cntcon_T400_xB0p050_strictref_exx_s0p005_r2p095370,2.09537,2.0880334643784892,38133,0.000602130741,1176.4683738726421,-956.7271127188307,41.390910539420716,261.1321606690639,0,
cntcon_T400_xB0p050_strictref_exx_s0p005,/data/home/luozhiheng/CUDA_STO_PF/Results/workflows/T400_xB0p050/raw/chel_T400_cuda_400x400x400_dt0.03_steps30000_r2.195nm_xB0.050/cntcon_T400_xB0p050_strictref_exx_s0p005_r2p195370,2.19537,2.188176897238541,43887,0.000692519188,1291.9381692088864,-1100.345552250453,48.06972321447487,239.66235669386973,0,
cntcon_T400_xB0p050_strictref_exx_s0p005,/data/home/luozhiheng/CUDA_STO_PF/Results/workflows/T400_xB0p050/raw/chel_T400_cuda_400x400x400_dt0.03_steps30000_r2.295nm_xB0.050/cntcon_T400_xB0p050_strictref_exx_s0p005_r2p295370,2.29537,2.2895122507202657,50271,0.000791528832,1412.8277939816192,-1257.6622374600556,55.421187973617776,210.58673622552553,0,
cntcon_T400_xB0p050_strictref_exx_s0p005,/data/home/luozhiheng/CUDA_STO_PF/Results/workflows/T400_xB0p050/raw/chel_T400_cuda_400x400x400_dt0.03_steps30000_r2.395nm_xB0.050/cntcon_T400_xB0p050_strictref_exx_s0p005_r2p395370,2.39537,2.3895816426991496,57155,0.000899552373,1539.1420245164502,-1429.3011233957145,63.478138612272836,173.31905625397113,0,
cntcon_T400_xB0p050_strictref_exx_s0p005,/data/home/luozhiheng/CUDA_STO_PF/Results/workflows/T400_xB0p050/raw/chel_T400_cuda_400x400x400_dt0.03_steps30000_r2.495nm_xB0.050/cntcon_T400_xB0p050_strictref_exx_s0p005_r2p495370,2.49537,2.4896330459159186,64639,0.00101698251,1670.8855462400577,-1615.8861761235555,72.27434546029585,127.27370730714286,0,
cntcon_T400_xB0p050_strictref_exx_s0p0075,/data/home/luozhiheng/CUDA_STO_PF/Results/workflows/T400_xB0p050/raw/chel_T400_cuda_400x400x400_dt0.03_steps30000_r1.460nm_xB0.050/cntcon_T400_xB0p050_strictref_exx_s0p0075_r1p460371,1.460371,1.449884531063655,12767,0.000203844142,569.5988429864243,-323.88849290595164,0.08869531984916974,245.79905365774457,0,
cntcon_T400_xB0p050_strictref_exx_s0p0075,/data/home/luozhiheng/CUDA_STO_PF/Results/workflows/T400_xB0p050/raw/chel_T400_cuda_400x400x400_dt0.03_steps30000_r1.560nm_xB0.050/cntcon_T400_xB0p050_strictref_exx_s0p0075_r1p560371,1.560371,1.5518020645014905,15653,0.000248652166,650.798813335361,-395.08407740678797,0.5828549590224821,256.2976046540426,0,
cntcon_T400_xB0p050_strictref_exx_s0p0075,/data/home/luozhiheng/CUDA_STO_PF/Results/workflows/T400_xB0p050/raw/chel_T400_cuda_400x400x400_dt0.03_steps30000_r1.660nm_xB0.050/cntcon_T400_xB0p050_strictref_exx_s0p0075_r1p660371,1.660371,1.6515311079240031,18869,0.000299587752,737.4006454322341,-476.01576369476624,1.192180788347128,262.5770680287242,0,
cntcon_T400_xB0p050_strictref_exx_s0p0075,/data/home/luozhiheng/CUDA_STO_PF/Results/workflows/T400_xB0p050/raw/chel_T400_cuda_400x400x400_dt0.03_steps30000_r1.760nm_xB0.050/cntcon_T400_xB0p050_strictref_exx_s0p0075_r1p760371,1.760371,1.7523796045343056,22541,0.000357043599,829.4091706929134,-567.3075095724744,1.9251016177241655,264.0267682410754,1,
cntcon_T400_xB0p050_strictref_exx_s0p0075,/data/home/luozhiheng/CUDA_STO_PF/Results/workflows/T400_xB0p050/raw/chel_T400_cuda_400x400x400_dt0.03_steps30000_r1.860nm_xB0.050/cntcon_T400_xB0p050_strictref_exx_s0p0075_r1p860371,1.860371,1.8517457134737199,26597,0.000421412408,926.8293389773302,-669.5832783515264,2.790431888881539,260.0364980175965,0,
cntcon_T400_xB0p050_strictref_exx_s0p0075,/data/home/luozhiheng/CUDA_STO_PF/Results/workflows/T400_xB0p050/raw/chel_T400_cuda_400x400x400_dt0.03_steps30000_r1.960nm_xB0.050/cntcon_T400_xB0p050_strictref_exx_s0p0075_r1p960371,1.960371,1.9532101285293524,31213,0.000493086876,1029.6664775137008,-783.4670305890228,3.796848317889826,249.9962979909634,0,
cntcon_T400_xB0p050_strictref_exx_s0p0075,/data/home/luozhiheng/CUDA_STO_PF/Results/workflows/T400_xB0p050/raw/chel_T400_cuda_400x400x400_dt0.03_steps30000_r2.060nm_xB0.050/cntcon_T400_xB0p050_strictref_exx_s0p0075_r2p060371,2.060371,2.053554676688852,36275,0.000572459703,1137.9259190392695,-909.5827240875523,4.953358162382947,233.2965668805488,0,
cntcon_T400_xB0p050_strictref_exx_s0p0075,/data/home/luozhiheng/CUDA_STO_PF/Results/workflows/T400_xB0p050/raw/chel_T400_cuda_400x400x400_dt0.03_steps30000_r2.160nm_xB0.050/cntcon_T400_xB0p050_strictref_exx_s0p0075_r2p160371,2.160371,2.1536302800719906,41841,0.000659923588,1251.613175334626,-1048.5543194042145,6.269409402088239,209.328281853461,0,
cntcon_T400_xB0p050_strictref_exx_s0p0075,/data/home/luozhiheng/CUDA_STO_PF/Results/workflows/T400_xB0p050/raw/chel_T400_cuda_400x400x400_dt0.03_steps30000_r2.260nm_xB0.050/cntcon_T400_xB0p050_strictref_exx_s0p0075_r2p260371,2.260371,2.253829882706166,47957,0.00075587123,1370.7340859674136,-1201.0057798506243,7.754532652117897,177.4828332537657,0,
cntcon_T400_xB0p050_strictref_exx_s0p0075,/data/home/luozhiheng/CUDA_STO_PF/Results/workflows/T400_xB0p050/raw/chel_T400_cuda_400x400x400_dt0.03_steps30000_r2.360nm_xB0.050/cntcon_T400_xB0p050_strictref_exx_s0p0075_r2p360371,2.360371,2.35439256370677,54667,0.000860695329,1495.2943803247524,-1367.5610632293692,9.419057336368173,137.15238268917625,0,
cntcon_T400_xB0p050_strictref_exx_s0p0075,/data/home/luozhiheng/CUDA_STO_PF/Results/workflows/T400_xB0p050/raw/chel_T400_cuda_400x400x400_dt0.03_steps30000_r2.460nm_xB0.050/cntcon_T400_xB0p050_strictref_exx_s0p0075_r2p460371,2.460371,2.453575965126189,61871,0.000974788582,1625.3001568985107,-1548.844132852063,11.273588330041083,87.72961512488422,0,
cntcon_T400_xB0p050_strictref_exx_s0p01,/data/home/luozhiheng/CUDA_STO_PF/Results/workflows/T400_xB0p050/raw/chel_T400_cuda_400x400x400_dt0.03_steps30000_r1.429nm_xB0.050/cntcon_T400_xB0p050_strictref_exx_s0p01_r1p428669,1.428669,1.4191820986618675,11973,0.000190854981,545.15840137032,-303.2499789297811,-12.506315550322416,229.40218125595752,0,
cntcon_T400_xB0p050_strictref_exx_s0p01,/data/home/luozhiheng/CUDA_STO_PF/Results/workflows/T400_xB0p050/raw/chel_T400_cuda_400x400x400_dt0.03_steps30000_r1.529nm_xB0.050/cntcon_T400_xB0p050_strictref_exx_s0p01_r1p528669,1.528669,1.5187167030895212,14673,0.000233802425,624.6953675262038,-371.48928506617773,-14.775758843034858,238.4300977408061,0,
cntcon_T400_xB0p050_strictref_exx_s0p01,/data/home/luozhiheng/CUDA_STO_PF/Results/workflows/T400_xB0p050/raw/chel_T400_cuda_400x400x400_dt0.03_steps30000_r1.629nm_xB0.050/cntcon_T400_xB0p050_strictref_exx_s0p01_r1p628669,1.628669,1.620249851165779,17817,0.000282752938,709.6424121424185,-449.26688314485693,-17.308258130958205,243.0673204417195,1,
cntcon_T400_xB0p050_strictref_exx_s0p01,/data/home/luozhiheng/CUDA_STO_PF/Results/workflows/T400_xB0p050/raw/chel_T400_cuda_400x400x400_dt0.03_steps30000_r1.729nm_xB0.050/cntcon_T400_xB0p050_strictref_exx_s0p01_r1p728669,1.728669,1.7196921917444312,21303,0.000338099219,800.00537754112,-537.2067337229198,-20.11896323580535,242.679760457154,0,
cntcon_T400_xB0p050_strictref_exx_s0p01,/data/home/luozhiheng/CUDA_STO_PF/Results/workflows/T400_xB0p050/raw/chel_T400_cuda_400x400x400_dt0.03_steps30000_r1.829nm_xB0.050/cntcon_T400_xB0p050_strictref_exx_s0p01_r1p828669,1.828669,1.820542624900332,25275,0.000400233967,895.7904999398277,-635.9328001119799,-23.224125784512292,236.6333288855602,0,
cntcon_T400_xB0p050_strictref_exx_s0p01,/data/home/luozhiheng/CUDA_STO_PF/Results/workflows/T400_xB0p050/raw/chel_T400_cuda_400x400x400_dt0.03_steps30000_r1.929nm_xB0.050/cntcon_T400_xB0p050_strictref_exx_s0p01_r1p928669,1.928669,1.921406687250539,29713,0.000469549882,997.0041973539227,-746.0690373601124,-26.640272855299887,224.29503863061154,0,
cntcon_T400_xB0p050_strictref_exx_s0p01,/data/home/luozhiheng/CUDA_STO_PF/Results/workflows/T400_xB0p050/raw/chel_T400_cuda_400x400x400_dt0.03_steps30000_r2.029nm_xB0.050/cntcon_T400_xB0p050_strictref_exx_s0p01_r2p028669,2.028669,2.0211944398959085,34587,0.000546439662,1103.6529786977153,-868.239411533444,-30.38255426989298,205.03080079075855,0,
cntcon_T400_xB0p050_strictref_exx_s0p01,/data/home/luozhiheng/CUDA_STO_PF/Results/workflows/T400_xB0p050/raw/chel_T400_cuda_400x400x400_dt0.03_steps30000_r2.129nm_xB0.050/cntcon_T400_xB0p050_strictref_exx_s0p01_r2p128669,2.128669,2.1216572309125827,40005,0.000631296006,1215.7437770805248,-1003.0678804345624,-34.46722165520965,178.20873007489783,0,
cntcon_T400_xB0p050_strictref_exx_s0p01,/data/home/luozhiheng/CUDA_STO_PF/Results/workflows/T400_xB0p050/raw/chel_T400_cuda_400x400x400_dt0.03_steps30000_r2.229nm_xB0.050/cntcon_T400_xB0p050_strictref_exx_s0p01_r2p228669,2.228669,2.222278308814751,45971,0.000724511615,1333.283495312026,-1151.178404620569,-38.90859847906041,143.19666574059937,0,
cntcon_T400_xB0p050_strictref_exx_s0p01,/data/home/luozhiheng/CUDA_STO_PF/Results/workflows/T400_xB0p050/raw/chel_T400_cuda_400x400x400_dt0.03_steps30000_r2.329nm_xB0.050/cntcon_T400_xB0p050_strictref_exx_s0p01_r2p328669,2.328669,2.32246455750703,52473,0.000826479186,1456.2793199167377,-1313.1949446485642,-43.72155911185537,99.36272249675974,0,
cntcon_T400_xB0p050_strictref_exx_s0p01,/data/home/luozhiheng/CUDA_STO_PF/Results/workflows/T400_xB0p050/raw/chel_T400_cuda_400x400x400_dt0.03_steps30000_r2.429nm_xB0.050/cntcon_T400_xB0p050_strictref_exx_s0p01_r2p428669,2.428669,2.4219743880668605,59511,0.000937591418,1584.7385861628823,-1489.741463830162,-48.92042702139313,46.076667760080376,0,
cntcon_T400_xB0p050_strictref_exx_sm0p0025,/data/home/luozhiheng/CUDA_STO_PF/Results/workflows/T400_xB0p050/raw/chel_T400_cuda_400x400x400_dt0.03_steps30000_r1.623nm_xB0.050/cntcon_T400_xB0p050_strictref_exx_sm0p0025_r1p623406,1.623406,1.614347692635034,17623,0.00028002066,703.9356781368286,-444.92556125262826,62.460566405458074,321.47067226548995,0,
cntcon_T400_xB0p050_strictref_exx_sm0p0025,/data/home/luozhiheng/CUDA_STO_PF/Results/workflows/T400_xB0p050/raw/chel_T400_cuda_400x400x400_dt0.03_steps30000_r1.723nm_xB0.050/cntcon_T400_xB0p050_strictref_exx_sm0p0025_r1p723406,1.723406,1.7146184482220221,21115,0.000335020542,793.7527128237939,-532.315018807832,74.792559843601,336.23026211698567,0,
cntcon_T400_xB0p050_strictref_exx_sm0p0025,/data/home/luozhiheng/CUDA_STO_PF/Results/workflows/T400_xB0p050/raw/chel_T400_cuda_400x400x400_dt0.03_steps30000_r1.823nm_xB0.050/cntcon_T400_xB0p050_strictref_exx_sm0p0025_r1p823406,1.823406,1.8158727564540589,25081,0.000396788223,888.9468819951453,-630.4578473605576,88.64462028418465,347.1336438946039,0,
cntcon_T400_xB0p050_strictref_exx_sm0p0025,/data/home/luozhiheng/CUDA_STO_PF/Results/workflows/T400_xB0p050/raw/chel_T400_cuda_400x400x400_dt0.03_steps30000_r1.923nm_xB0.050/cntcon_T400_xB0p050_strictref_exx_sm0p0025_r1p923406,1.923406,1.9153087959208843,29431,0.000465716403,989.5198989579935,-739.9780129769324,104.10509046939133,353.64696542628366,0,
cntcon_T400_xB0p050_strictref_exx_sm0p0025,/data/home/luozhiheng/CUDA_STO_PF/Results/workflows/T400_xB0p050/raw/chel_T400_cuda_400x400x400_dt0.03_steps30000_r2.023nm_xB0.050/cntcon_T400_xB0p050_strictref_exx_sm0p0025_r2p023406,2.023406,2.0155295728177,34297,0.000542197781,1095.473526600683,-861.499476214057,121.26237924971616,355.2364296302257,1,
cntcon_T400_xB0p050_strictref_exx_sm0p0025,/data/home/luozhiheng/CUDA_STO_PF/Results/workflows/T400_xB0p050/raw/chel_T400_cuda_400x400x400_dt0.03_steps30000_r2.123nm_xB0.050/cntcon_T400_xB0p050_strictref_exx_sm0p0025_r2p123406,2.123406,2.117228425751318,39755,0.000626625055,1206.8095663747415,-995.6461921200065,140.20526733491423,351.36865260158504,0,
cntcon_T400_xB0p050_strictref_exx_sm0p0025,/data/home/luozhiheng/CUDA_STO_PF/Results/workflows/T400_xB0p050/raw/chel_T400_cuda_400x400x400_dt0.03_steps30000_r2.223nm_xB0.050/cntcon_T400_xB0p050_strictref_exx_sm0p0025_r2p223406,2.223406,2.217174691602111,45655,0.000719390925,1323.5299491938088,-1143.0421267609076,161.02264286074998,341.5104707965609,0,
cntcon_T400_xB0p050_strictref_exx_sm0p0025,/data/home/luozhiheng/CUDA_STO_PF/Results/workflows/T400_xB0p050/raw/chel_T400_cuda_400x400x400_dt0.03_steps30000_r2.323nm_xB0.050/cntcon_T400_xB0p050_strictref_exx_sm0p0025_r2p323406,2.323406,2.3176449562408785,52147,0.000820888091,1445.636556390291,-1304.3112406938615,183.803691450395,325.12902366778627,0,
cntcon_T400_xB0p050_strictref_exx_sm0p0025,/data/home/luozhiheng/CUDA_STO_PF/Results/workflows/T400_xB0p050/raw/chel_T400_cuda_400x400x400_dt0.03_steps30000_r2.423nm_xB0.050/cntcon_T400_xB0p050_strictref_exx_sm0p0025_r2p423406,2.423406,2.417135238349708,59155,0.00093150925,1573.1314152857842,-1480.0774889669424,208.63799537689934,301.691946480242,0,
cntcon_T400_xB0p050_strictref_exx_sm0p0025,/data/home/luozhiheng/CUDA_STO_PF/Results/workflows/T400_xB0p050/raw/chel_T400_cuda_400x400x400_dt0.03_steps30000_r2.523nm_xB0.050/cntcon_T400_xB0p050_strictref_exx_sm0p0025_r2p523406,2.523406,2.517588675953863,66841,0.0010516471,1706.0166441008155,-1670.964837646278,235.6153104476342,270.6671224050814,0,
cntcon_T400_xB0p050_strictref_exx_sm0p0025,/data/home/luozhiheng/CUDA_STO_PF/Results/workflows/T400_xB0p050/raw/chel_T400_cuda_400x400x400_dt0.03_steps30000_r2.623nm_xB0.050/cntcon_T400_xB0p050_strictref_exx_sm0p0025_r2p623406,2.623406,2.618036422144673,75165,0.00118169435,1844.294242611851,-1877.5972445344555,264.8259020548825,231.5229028806746,0,
cntcon_T400_xB0p050_strictref_exx_sm0p005,/data/home/luozhiheng/CUDA_STO_PF/Results/workflows/T400_xB0p050/raw/chel_T400_cuda_400x400x400_dt0.03_steps30000_r1.675nm_xB0.050/cntcon_T400_xB0p050_strictref_exx_sm0p005_r1p675128,1.675128,1.6662211518441463,19377,0.000307646961,749.5618893616113,-488.8210623538628,82.48984269672013,343.23066969835253,0,
cntcon_T400_xB0p050_strictref_exx_sm0p005,/data/home/luozhiheng/CUDA_STO_PF/Results/workflows/T400_xB0p050/raw/chel_T400_cuda_400x400x400_dt0.03_steps30000_r1.775nm_xB0.050/cntcon_T400_xB0p050_strictref_exx_sm0p005_r1p775128,1.775128,1.7671806786759243,23117,0.000366098255,842.1266885304877,-581.6944771636128,98.085812887334,358.51802424809273,0,
cntcon_T400_xB0p050_strictref_exx_sm0p005,/data/home/luozhiheng/CUDA_STO_PF/Results/workflows/T400_xB0p050/raw/chel_T400_cuda_400x400x400_dt0.03_steps30000_r1.875nm_xB0.050/cntcon_T400_xB0p050_strictref_exx_sm0p005_r1p875128,1.875128,1.8667093128869678,27247,0.00043152046,940.064391251723,-685.6439899820563,115.52948287928186,369.94988689734566,0,
cntcon_T400_xB0p050_strictref_exx_sm0p005,/data/home/luozhiheng/CUDA_STO_PF/Results/workflows/T400_xB0p050/raw/chel_T400_cuda_400x400x400_dt0.03_steps30000_r1.975nm_xB0.050/cntcon_T400_xB0p050_strictref_exx_sm0p005_r1p975128,1.975128,1.9675802488952654,31907,0.000504306276,1043.3761764568974,-801.2935641208073,134.92444990795772,377.007059483418,0,
cntcon_T400_xB0p050_strictref_exx_sm0p005,/data/home/luozhiheng/CUDA_STO_PF/Results/workflows/T400_xB0p050/raw/chel_T400_cuda_400x400x400_dt0.03_steps30000_r2.075nm_xB0.050/cntcon_T400_xB0p050_strictref_exx_sm0p005_r2p075128,2.075128,2.0669033349777983,36987,0.000584848401,1152.063305712983,-929.267157382454,156.37453156979194,379.1706743851793,1,
cntcon_T400_xB0p050_strictref_exx_sm0p005,/data/home/luozhiheng/CUDA_STO_PF/Results/workflows/T400_xB0p050/raw/chel_T400_cuda_400x400x400_dt0.03_steps30000_r2.175nm_xB0.050/cntcon_T400_xB0p050_strictref_exx_sm0p005_r2p175128,2.175128,2.16889473500832,42737,0.000673539534,1266.127087413673,-1070.1887330786099,179.98357300635251,375.92191907176016,0,
cntcon_T400_xB0p050_strictref_exx_sm0p005,/data/home/luozhiheng/CUDA_STO_PF/Results/workflows/T400_xB0p050/raw/chel_T400_cuda_400x400x400_dt0.03_steps30000_r2.275nm_xB0.050/cntcon_T400_xB0p050_strictref_exx_sm0p005_r2p275128,2.275128,2.268460397053251,48897,0.000770772376,1385.5688327071746,-1224.6822490118625,205.85586008128897,366.7424217343797,0,
cntcon_T400_xB0p050_strictref_exx_sm0p005,/data/home/luozhiheng/CUDA_STO_PF/Results/workflows/T400_xB0p050/raw/chel_T400_cuda_400x400x400_dt0.03_steps30000_r2.375nm_xB0.050/cntcon_T400_xB0p050_strictref_exx_sm0p005_r2p375128,2.375128,2.3679808667427062,55619,0.000876939624,1510.3899629222146,-1393.3716684938267,234.09573374851436,351.11403092529815,0,
cntcon_T400_xB0p050_strictref_exx_sm0p005,/data/home/luozhiheng/CUDA_STO_PF/Results/workflows/T400_xB0p050/raw/chel_T400_cuda_400x400x400_dt0.03_steps30000_r2.475nm_xB0.050/cntcon_T400_xB0p050_strictref_exx_sm0p005_r2p475128,2.475128,2.4690237770814987,63047,0.000992433978,1640.5918525608006,-1576.8809493270896,264.80789304863396,328.51881555782063,0,
cntcon_T400_xB0p050_strictref_exx_sm0p005,/data/home/luozhiheng/CUDA_STO_PF/Results/workflows/T400_xB0p050/raw/chel_T400_cuda_400x400x400_dt0.03_steps30000_r2.575nm_xB0.050/cntcon_T400_xB0p050_strictref_exx_sm0p005_r2p575128,2.575128,2.568601535332765,70987,0.00111764814,1776.1759477422777,-1775.8340548232654,298.0973951089509,298.4392852673339,0,
cntcon_T400_xB0p050_strictref_exx_sm0p005,/data/home/luozhiheng/CUDA_STO_PF/Results/workflows/T400_xB0p050/raw/chel_T400_cuda_400x400x400_dt0.03_steps30000_r2.675nm_xB0.050/cntcon_T400_xB0p050_strictref_exx_sm0p005_r2p675128,2.675128,2.6692282639377125,79661,0.0012529748,1917.1438323116424,-1990.8549455394545,334.06943478242,260.35833532105613,0,
cntcon_T400_xB0p050_strictref_exx_sm0p0075,/data/home/luozhiheng/CUDA_STO_PF/Results/workflows/T400_xB0p050/raw/chel_T400_cuda_400x400x400_dt0.03_steps30000_r1.732nm_xB0.050/cntcon_T400_xB0p050_strictref_exx_sm0p0075_r1p732232,1.732232,1.723665455386117,21451,0.000340194123,801.6139112388296,-540.5353341057954,105.07516936238883,366.1537547528446,0,
cntcon_T400_xB0p050_strictref_exx_sm0p0075,/data/home/luozhiheng/CUDA_STO_PF/Results/workflows/T400_xB0p050/raw/chel_T400_cuda_400x400x400_dt0.03_steps30000_r1.832nm_xB0.050/cntcon_T400_xB0p050_strictref_exx_sm0p0075_r1p832232,1.832232,1.825188658138627,25469,0.00040257799,897.2174588925291,-639.6572240185394,124.10819337775828,381.66841171855384,0,
cntcon_T400_xB0p050_strictref_exx_sm0p0075,/data/home/luozhiheng/CUDA_STO_PF/Results/workflows/T400_xB0p050/raw/chel_T400_cuda_400x400x400_dt0.03_steps30000_r1.932nm_xB0.050/cntcon_T400_xB0p050_strictref_exx_sm0p0075_r1p932232,1.932232,1.9245486021970624,29859,0.000472157015,998.1903016865061,-750.2115192196052,145.30802753001336,393.2868099907979,0,
cntcon_T400_xB0p050_strictref_exx_sm0p0075,/data/home/luozhiheng/CUDA_STO_PF/Results/workflows/T400_xB0p050/raw/chel_T400_cuda_400x400x400_dt0.03_steps30000_r2.032nm_xB0.050/cntcon_T400_xB0p050_strictref_exx_sm0p0075_r2p032232,2.032232,2.025276847351866,34797,0.000549323897,1104.5333128013947,-872.8221802660935,168.79168353304297,400.5028077986906,0,
cntcon_T400_xB0p050_strictref_exx_sm0p0075,/data/home/luozhiheng/CUDA_STO_PF/Results/workflows/T400_xB0p050/raw/chel_T400_cuda_400x400x400_dt0.03_steps30000_r2.132nm_xB0.050/cntcon_T400_xB0p050_strictref_exx_sm0p0075_r2p132232,2.132232,2.1261028326610463,40257,0.000634471335,1216.247324100132,-1008.1131677151056,194.67636591665405,402.81051127751226,1,
cntcon_T400_xB0p050_strictref_exx_sm0p0075,/data/home/luozhiheng/CUDA_STO_PF/Results/workflows/T400_xB0p050/raw/chel_T400_cuda_400x400x400_dt0.03_steps30000_r2.232nm_xB0.050/cntcon_T400_xB0p050_strictref_exx_sm0p0075_r2p232232,2.232232,2.2255927696058504,46177,0.000727992029,1333.3332087633512,-1156.7084448782552,223.07949957169268,399.7042469235941,0,
cntcon_T400_xB0p050_strictref_exx_sm0p0075,/data/home/luozhiheng/CUDA_STO_PF/Results/workflows/T400_xB0p050/raw/chel_T400_cuda_400x400x400_dt0.03_steps30000_r2.332nm_xB0.050/cntcon_T400_xB0p050_strictref_exx_sm0p0075_r2p332232,2.332232,2.3264411611704197,52743,0.000830278678,1455.7919033254861,-1319.231966803617,254.11859202439578,390.67853404917383,0,
cntcon_T400_xB0p050_strictref_exx_sm0p0075,/data/home/luozhiheng/CUDA_STO_PF/Results/workflows/T400_xB0p050/raw/chel_T400_cuda_400x400x400_dt0.03_steps30000_r2.432nm_xB0.050/cntcon_T400_xB0p050_strictref_exx_sm0p0075_r2p432232,2.432232,2.4254964176095064,59771,0.00094172398,1583.6243085122999,-1496.3077023118312,287.9114813425637,375.22808478240364,0,
cntcon_T400_xB0p050_strictref_exx_sm0p0075,/data/home/luozhiheng/CUDA_STO_PF/Results/workflows/T400_xB0p050/raw/chel_T400_cuda_400x400x400_dt0.03_steps30000_r2.532nm_xB0.050/cntcon_T400_xB0p050_strictref_exx_sm0p0075_r2p532232,2.532232,2.5265711595559264,67559,0.00106272063,1716.8314187029998,-1688.55960369646,324.57614331965107,352.8479693381295,0,
cntcon_T400_xB0p050_strictref_exx_sm0p0075,/data/home/luozhiheng/CUDA_STO_PF/Results/workflows/T400_xB0p050/raw/chel_T400_cuda_400x400x400_dt0.03_steps30000_r2.632nm_xB0.050/cntcon_T400_xB0p050_strictref_exx_sm0p0075_r2p632232,2.632232,2.627084273917503,75947,0.00119366134,1855.4141979771493,-1896.6116370236296,364.23082920042134,323.0333681117186,0,
cntcon_T400_xB0p050_strictref_exx_sm0p0075,/data/home/luozhiheng/CUDA_STO_PF/Results/workflows/T400_xB0p050/raw/chel_T400_cuda_400x400x400_dt0.03_steps30000_r2.732nm_xB0.050/cntcon_T400_xB0p050_strictref_exx_sm0p0075_r2p732232,2.732232,2.7264518634447508,84895,0.0013349388,1999.3736186778517,-2121.0877573414145,406.99414831631975,285.28001240115253,0,
cntcon_T400_xB0p050_strictref_exx_sm0p01,/data/home/luozhiheng/CUDA_STO_PF/Results/workflows/T400_xB0p050/raw/chel_T400_cuda_400x400x400_dt0.03_steps30000_r1.795nm_xB0.050/cntcon_T400_xB0p050_strictref_exx_sm0p01_r1p795377,1.795377,1.7866873929747797,23891,0.000378770029,861.2209012985018,-601.8286921381164,130.75232673364846,390.1445441514595,0,
cntcon_T400_xB0p050_strictref_exx_sm0p01,/data/home/luozhiheng/CUDA_STO_PF/Results/workflows/T400_xB0p050/raw/chel_T400_cuda_400x400x400_dt0.03_steps30000_r1.895nm_xB0.050/cntcon_T400_xB0p050_strictref_exx_sm0p01_r1p895377,1.895377,1.8879337432345198,28187,0.000445651584,960.1895108241722,-708.0969705597475,153.42692716690664,405.5194095804468,0,
cntcon_T400_xB0p050_strictref_exx_sm0p01,/data/home/luozhiheng/CUDA_STO_PF/Results/workflows/T400_xB0p050/raw/chel_T400_cuda_400x400x400_dt0.03_steps30000_r1.995nm_xB0.050/cntcon_T400_xB0p050_strictref_exx_sm0p01_r1p995377,1.995377,1.9873605454361614,32879,0.000519976266,1064.5245507965603,-826.1916515512395,178.5786611760134,416.9115246065482,0,
cntcon_T400_xB0p050_strictref_exx_sm0p01,/data/home/luozhiheng/CUDA_STO_PF/Results/workflows/T400_xB0p050/raw/chel_T400_cuda_400x400x400_dt0.03_steps30000_r2.095nm_xB0.050/cntcon_T400_xB0p050_strictref_exx_sm0p01_r2p095377,2.095377,2.087595319638675,38109,0.000602136776,1174.2265280460647,-956.7367011787192,206.3369908737853,423.8267295905961,0,
cntcon_T400_xB0p050_strictref_exx_sm0p01,/data/home/luozhiheng/CUDA_STO_PF/Results/workflows/T400_xB0p050/raw/chel_T400_cuda_400x400x400_dt0.03_steps30000_r2.195nm_xB0.050/cntcon_T400_xB0p050_strictref_exx_sm0p01_r2p195377,2.195377,2.1889079233244235,43931,0.000692525812,1289.296023774937,-1100.3560799992874,236.83055201914263,425.7703139908118,1,
cntcon_T400_xB0p050_strictref_exx_sm0p01,/data/home/luozhiheng/CUDA_STO_PF/Results/workflows/T400_xB0p050/raw/chel_T400_cuda_400x400x400_dt0.03_steps30000_r2.295nm_xB0.050/cntcon_T400_xB0p050_strictref_exx_sm0p01_r2p295377,2.295377,2.288904844259384,50231,0.000791536074,1409.733613676402,-1257.6737430610192,270.1879803709936,422.24784271672513,0,
cntcon_T400_xB0p050_strictref_exx_sm0p01,/data/home/luozhiheng/CUDA_STO_PF/Results/workflows/T400_xB0p050/raw/chel_T400_cuda_400x400x400_dt0.03_steps30000_r2.395nm_xB0.050/cntcon_T400_xB0p050_strictref_exx_sm0p01_r2p395377,2.395377,2.3891913635459594,57127,0.000899560259,1535.5398569166068,-1429.3136536755283,306.5390134934817,412.7651561291568,0,
cntcon_T400_xB0p050_strictref_exx_sm0p01,/data/home/luozhiheng/CUDA_STO_PF/Results/workflows/T400_xB0p050/raw/chel_T400_cuda_400x400x400_dt0.03_steps30000_r2.495nm_xB0.050/cntcon_T400_xB0p050_strictref_exx_sm0p01_r2p495377,2.495377,2.48947897254686,64627,0.00101699107,1666.7153732609854,-1615.8997751544282,346.01256259681196,396.82809458893945,0,
cntcon_T400_xB0p050_strictref_exx_sm0p01,/data/home/luozhiheng/CUDA_STO_PF/Results/workflows/T400_xB0p050/raw/chel_T400_cuda_400x400x400_dt0.03_steps30000_r2.595nm_xB0.050/cntcon_T400_xB0p050_strictref_exx_sm0p01_r2p595377,2.595377,2.590059870003216,72781,0.0011442212,1803.2607687024056,-1818.0560653003079,388.73808979381886,373.9427739082086,0,
cntcon_T400_xB0p050_strictref_exx_sm0p01,/data/home/luozhiheng/CUDA_STO_PF/Results/workflows/T400_xB0p050/raw/chel_T400_cuda_400x400x400_dt0.03_steps30000_r2.695nm_xB0.050/cntcon_T400_xB0p050_strictref_exx_sm0p01_r2p695377,2.695377,2.6899751688382514,81533,0.00128164335,1945.1766685153275,-2036.4064846702672,434.8456080999306,343.6158608017051,0,
cntcon_T400_xB0p050_strictref_exx_sm0p01,/data/home/luozhiheng/CUDA_STO_PF/Results/workflows/T400_xB0p050/raw/chel_T400_cuda_400x400x400_dt0.03_steps30000_r2.795nm_xB0.050/cntcon_T400_xB0p050_strictref_exx_sm0p01_r2p795377,2.795377,2.7897788213344117,90949,0.00142965023,2092.463731028369,-2271.57499657592,484.4651305305873,305.3540219841642,0,
cntcon_T400_xB0p050_strictref_eyy_s0p0025,/data/home/luozhiheng/CUDA_STO_PF/Results/workflows/T400_xB0p050/raw/chel_T400_cuda_400x400x400_dt0.03_steps30000_r1.361nm_xB0.050/cntcon_T400_xB0p050_strictref_eyy_s0p0025_r1p361050,1.36105,1.3510037547895895,10329,0.000165017831,493.8877577158602,-262.19726474675923,32.39122230418968,264.08171526717433,0,
cntcon_T400_xB0p050_strictref_eyy_s0p0025,/data/home/luozhiheng/CUDA_STO_PF/Results/workflows/T400_xB0p050/raw/chel_T400_cuda_400x400x400_dt0.03_steps30000_r1.461nm_xB0.050/cntcon_T400_xB0p050_strictref_eyy_s0p0025_r1p461050,1.46105,1.4506412361570928,12787,0.000204128607,569.6157584509959,-324.34047819598453,40.21051631236533,285.4857965612604,0,
cntcon_T400_xB0p050_strictref_eyy_s0p0025,/data/home/luozhiheng/CUDA_STO_PF/Results/workflows/T400_xB0p050/raw/chel_T400_cuda_400x400x400_dt0.03_steps30000_r1.561nm_xB0.050/cntcon_T400_xB0p050_strictref_eyy_s0p0025_r1p561050,1.56105,1.5520003145278574,15659,0.000248976912,650.7186707784956,-395.60006931630477,49.18963935324703,304.30824080932166,0,
cntcon_T400_xB0p050_strictref_eyy_s0p0025,/data/home/luozhiheng/CUDA_STO_PF/Results/workflows/T400_xB0p050/raw/chel_T400_cuda_400x400x400_dt0.03_steps30000_r1.661nm_xB0.050/cntcon_T400_xB0p050_strictref_eyy_s0p0025_r1p661050,1.66105,1.6524641930190227,18901,0.000299955446,737.1982024964434,-476.59999591030765,59.40842547824003,320.0066320582595,0,
cntcon_T400_xB0p050_strictref_eyy_s0p0025,/data/home/luozhiheng/CUDA_STO_PF/Results/workflows/T400_xB0p050/raw/chel_T400_cuda_400x400x400_dt0.03_steps30000_r1.761nm_xB0.050/cntcon_T400_xB0p050_strictref_eyy_s0p0025_r1p761050,1.76105,1.7527941298040222,22557,0.000357456909,829.0562129011406,-567.9642185350942,70.94665640300181,332.03864800841876,0,
cntcon_T400_xB0p050_strictref_eyy_s0p0025,/data/home/luozhiheng/CUDA_STO_PF/Results/workflows/T400_xB0p050/raw/chel_T400_cuda_400x400x400_dt0.03_steps30000_r1.861nm_xB0.050/cntcon_T400_xB0p050_strictref_eyy_s0p0025_r1p861050,1.86105,1.8520241610119905,26609,0.000421873998,926.294613624636,-670.3167032567914,83.88422953273731,339.86213989446566,0,
cntcon_T400_xB0p050_strictref_eyy_s0p0025,/data/home/luozhiheng/CUDA_STO_PF/Results/workflows/T400_xB0p050/raw/chel_T400_cuda_400x400x400_dt0.03_steps30000_r1.961nm_xB0.050/cntcon_T400_xB0p050_strictref_eyy_s0p0025_r1p961050,1.96105,1.9535438145329238,31229,0.000493599414,1028.9153713892395,-784.2814051234739,98.3013425145727,342.93530877422216,1,
cntcon_T400_xB0p050_strictref_eyy_s0p0025,/data/home/luozhiheng/CUDA_STO_PF/Results/workflows/T400_xB0p050/raw/chel_T400_cuda_400x400x400_dt0.03_steps30000_r2.061nm_xB0.050/cntcon_T400_xB0p050_strictref_eyy_s0p0025_r2p061050,2.06105,2.0543469214000805,36317,0.000573025856,1136.9205796248607,-910.4822846922425,114.278215031739,340.71651271275374,0,
cntcon_T400_xB0p050_strictref_eyy_s0p0025,/data/home/luozhiheng/CUDA_STO_PF/Results/workflows/T400_xB0p050/raw/chel_T400_cuda_400x400x400_dt0.03_steps30000_r2.161nm_xB0.050/cntcon_T400_xB0p050_strictref_eyy_s0p0025_r2p161050,2.16105,2.15369890691025,41845,0.000660546021,1250.3123234978696,-1049.5433052747117,131.8954055725704,332.6644237896123,0,
cntcon_T400_xB0p050_strictref_eyy_s0p0025,/data/home/luozhiheng/CUDA_STO_PF/Results/workflows/T400_xB0p050/raw/chel_T400_cuda_400x400x400_dt0.03_steps30000_r2.261nm_xB0.050/cntcon_T400_xB0p050_strictref_eyy_s0p0025_r2p261050,2.26105,2.254925943707951,48027,0.00075655261,1369.0928451818804,-1202.0884274279815,151.2337590947573,318.23817684253976,0,
cntcon_T400_xB0p050_strictref_eyy_s0p0025,/data/home/luozhiheng/CUDA_STO_PF/Results/workflows/T400_xB0p050/raw/chel_T400_cuda_400x400x400_dt0.03_steps30000_r2.361nm_xB0.050/cntcon_T400_xB0p050_strictref_eyy_s0p0025_r2p361050,2.36105,2.3550240567591083,54711,0.000861438322,1493.264436431741,-1368.7416089546405,172.37431888092897,296.89714635191325,0,
cntcon_T400_xB0p050_strictref_eyy_s0p005,/data/home/luozhiheng/CUDA_STO_PF/Results/workflows/T400_xB0p050/raw/chel_T400_cuda_400x400x400_dt0.03_steps30000_r1.391nm_xB0.050/cntcon_T400_xB0p050_strictref_eyy_s0p005_r1p390869,1.390869,1.3799397313031523,11007,0.000176103229,515.8598251075845,-279.8108826841792,38.930634583373546,274.9795659826104,0,
cntcon_T400_xB0p050_strictref_eyy_s0p005,/data/home/luozhiheng/CUDA_STO_PF/Results/workflows/T400_xB0p050/raw/chel_T400_cuda_400x400x400_dt0.03_steps30000_r1.491nm_xB0.050/cntcon_T400_xB0p050_strictref_eyy_s0p005_r1p490869,1.490869,1.4814450147484857,13619,0.000216883787,593.1780723283649,-344.6072183018137,48.04898173129153,296.6198467697784,0,
cntcon_T400_xB0p050_strictref_eyy_s0p005,/data/home/luozhiheng/CUDA_STO_PF/Results/workflows/T400_xB0p050/raw/chel_T400_cuda_400x400x400_dt0.03_steps30000_r1.591nm_xB0.050/cntcon_T400_xB0p050_strictref_eyy_s0p005_r1p590869,1.590869,1.5815637515793086,16571,0.000263518975,675.8693938813125,-418.70599068277863,58.484068747174014,315.6474719395909,0,
cntcon_T400_xB0p050_strictref_eyy_s0p005,/data/home/luozhiheng/CUDA_STO_PF/Results/workflows/T400_xB0p050/raw/chel_T400_cuda_400x400x400_dt0.03_steps30000_r1.691nm_xB0.050/cntcon_T400_xB0p050_strictref_eyy_s0p005_r1p690869,1.690869,1.6825702189533247,19953,0.000316401491,763.935268939929,-502.73115762966205,70.32431549956812,331.5284240492055,0,
cntcon_T400_xB0p050_strictref_eyy_s0p005,/data/home/luozhiheng/CUDA_STO_PF/Results/workflows/T400_xB0p050/raw/chel_T400_cuda_400x400x400_dt0.03_steps30000_r1.791nm_xB0.050/cntcon_T400_xB0p050_strictref_eyy_s0p005_r1p790869,1.790869,1.7822891909092686,23715,0.000375924034,857.377226258951,-597.3066824540778,83.65844485345552,343.72898865221214,0,
cntcon_T400_xB0p050_strictref_eyy_s0p005,/data/home/luozhiheng/CUDA_STO_PF/Results/workflows/T400_xB0p050/raw/chel_T400_cuda_400x400x400_dt0.03_steps30000_r1.891nm_xB0.050/cntcon_T400_xB0p050_strictref_eyy_s0p005_r1p890869,1.890869,1.883098892635377,27971,0.000442479302,956.196918546202,-703.0565229586135,98.57504194816582,351.71542375707276,0,
cntcon_T400_xB0p050_strictref_eyy_s0p005,/data/home/luozhiheng/CUDA_STO_PF/Results/workflows/T400_xB0p050/raw/chel_T400_cuda_400x400x400_dt0.03_steps30000_r1.991nm_xB0.050/cntcon_T400_xB0p050_strictref_eyy_s0p005_r1p990869,1.990869,1.9833227019011341,32679,0.000516459996,1060.396001264018,-820.6046424548836,115.16305000972436,354.95440054920346,1,
cntcon_T400_xB0p050_strictref_eyy_s0p005,/data/home/luozhiheng/CUDA_STO_PF/Results/workflows/T400_xB0p050/raw/chel_T400_cuda_400x400x400_dt0.03_steps30000_r2.091nm_xB0.050/cntcon_T400_xB0p050_strictref_eyy_s0p005_r2p090869,2.090869,2.0829836542085,37857,0.000598258815,1169.976226282692,-950.5749987454753,133.51160508006706,352.91283812019367,0,
cntcon_T400_xB0p050_strictref_eyy_s0p005,/data/home/luozhiheng/CUDA_STO_PF/Results/workflows/T400_xB0p050/raw/chel_T400_cuda_400x400x400_dt0.03_steps30000_r2.191nm_xB0.050/cntcon_T400_xB0p050_strictref_eyy_s0p005_r2p190869,2.190869,2.1847145072213783,43679,0.000688268457,1284.9394060718034,-1093.5915551420028,153.71000847191516,345.05784837754766,0,
cntcon_T400_xB0p050_strictref_eyy_s0p005,/data/home/luozhiheng/CUDA_STO_PF/Results/workflows/T400_xB0p050/raw/chel_T400_cuda_400x400x400_dt0.03_steps30000_r2.291nm_xB0.050/cntcon_T400_xB0p050_strictref_eyy_s0p005_r2p290869,2.290869,2.2844609782234038,49939,0.000786881621,1405.287347591906,-1250.278269447054,175.84791958468355,330.8569839508534,0,
cntcon_T400_xB0p050_strictref_eyy_s0p005,/data/home/luozhiheng/CUDA_STO_PF/Results/workflows/T400_xB0p050/raw/chel_T400_cuda_400x400x400_dt0.03_steps30000_r2.391nm_xB0.050/cntcon_T400_xB0p050_strictref_eyy_s0p005_r2p390869,2.390869,2.384078088616412,56761,0.000894491006,1531.0220451104396,-1421.2591049722428,200.0152181788286,309.77815555639563,0,
cntcon_T400_xB0p050_strictref_eyy_s0p0075,/data/home/luozhiheng/CUDA_STO_PF/Results/workflows/T400_xB0p050/raw/chel_T400_cuda_400x400x400_dt0.03_steps30000_r1.425nm_xB0.050/cntcon_T400_xB0p050_strictref_eyy_s0p0075_r1p424702,1.424702,1.4144248951170795,11853,0.000189269545,541.3718714582734,-300.73087483876446,46.56542855369372,287.206436185139,0,
cntcon_T400_xB0p050_strictref_eyy_s0p0075,/data/home/luozhiheng/CUDA_STO_PF/Results/workflows/T400_xB0p050/raw/chel_T400_cuda_400x400x400_dt0.03_steps30000_r1.525nm_xB0.050/cntcon_T400_xB0p050_strictref_eyy_s0p0075_r1p524702,1.524702,1.51643618860377,14607,0.000231986945,620.4964594671098,-368.6046653584439,57.135459163349616,309.0272477568728,0,
cntcon_T400_xB0p050_strictref_eyy_s0p0075,/data/home/luozhiheng/CUDA_STO_PF/Results/workflows/T400_xB0p050/raw/chel_T400_cuda_400x400x400_dt0.03_steps30000_r1.625nm_xB0.050/cntcon_T400_xB0p050_strictref_eyy_s0p0075_r1p624702,1.624702,1.6149581590255897,17643,0.000280691836,704.992518681525,-445.9919930117258,69.189208221385,328.1897338850679,0,
cntcon_T400_xB0p050_strictref_eyy_s0p0075,/data/home/luozhiheng/CUDA_STO_PF/Results/workflows/T400_xB0p050/raw/chel_T400_cuda_400x400x400_dt0.03_steps30000_r1.725nm_xB0.050/cntcon_T400_xB0p050_strictref_eyy_s0p0075_r1p724702,1.724702,1.7157545486195183,21157,0.000335776916,794.8613602497248,-533.5168238647371,82.82382740268189,344.16836102703974,0,
cntcon_T400_xB0p050_strictref_eyy_s0p0075,/data/home/luozhiheng/CUDA_STO_PF/Results/workflows/T400_xB0p050/raw/chel_T400_cuda_400x400x400_dt0.03_steps30000_r1.825nm_xB0.050/cntcon_T400_xB0p050_strictref_eyy_s0p0075_r1p824702,1.824702,1.8174159850031644,25145,0.000397634886,890.1042787928383,-631.8031129655526,98.13677137855379,356.43792618167026,0,
cntcon_T400_xB0p050_strictref_eyy_s0p0075,/data/home/luozhiheng/CUDA_STO_PF/Results/workflows/T400_xB0p050/raw/chel_T400_cuda_400x400x400_dt0.03_steps30000_r1.925nm_xB0.050/cntcon_T400_xB0p050_strictref_eyy_s0p0075_r1p924702,1.924702,1.9172158493077414,29519,0.000466658443,990.7226460583579,-741.4748236257863,115.2255499105764,364.47339161862294,0,
cntcon_T400_xB0p050_strictref_eyy_s0p0075,/data/home/luozhiheng/CUDA_STO_PF/Results/workflows/T400_xB0p050/raw/chel_T400_cuda_400x400x400_dt0.03_steps30000_r2.025nm_xB0.050/cntcon_T400_xB0p050_strictref_eyy_s0p0075_r2p024702,2.024702,2.0171737054634074,34381,0.000543240288,1096.7179054111168,-863.1559191570517,134.1877829408464,367.7497746978205,1,
cntcon_T400_xB0p050_strictref_eyy_s0p0075,/data/home/luozhiheng/CUDA_STO_PF/Results/workflows/T400_xB0p050/raw/chel_T400_cuda_400x400x400_dt0.03_steps30000_r2.125nm_xB0.050/cntcon_T400_xB0p050_strictref_eyy_s0p0075_r2p124702,2.124702,2.118044716933473,39801,0.000627773119,1208.0915112339992,-997.470354607424,155.12147604328592,365.74264368179695,0,
cntcon_T400_xB0p050_strictref_eyy_s0p0075,/data/home/luozhiheng/CUDA_STO_PF/Results/workflows/T400_xB0p050/raw/chel_T400_cuda_400x400x400_dt0.03_steps30000_r2.225nm_xB0.050/cntcon_T400_xB0p050_strictref_eyy_s0p0075_r2p224702,2.224702,2.2183072654365605,45725,0.000720649635,1324.8450143178459,-1145.0420960430301,178.12471742721095,357.9276494684758,0,
cntcon_T400_xB0p050_strictref_eyy_s0p0075,/data/home/luozhiheng/CUDA_STO_PF/Results/workflows/T400_xB0p050/raw/chel_T400_cuda_400x400x400_dt0.03_steps30000_r2.325nm_xB0.050/cntcon_T400_xB0p050_strictref_eyy_s0p0075_r2p324702,2.324702,2.318237397510346,52187,0.000822262535,1446.97997647155,-1306.4950985119451,203.29589829836746,343.7807734973425,0,
cntcon_T400_xB0p050_strictref_eyy_s0p0075,/data/home/luozhiheng/CUDA_STO_PF/Results/workflows/T400_xB0p050/raw/chel_T400_cuda_400x400x400_dt0.03_steps30000_r2.425nm_xB0.050/cntcon_T400_xB0p050_strictref_eyy_s0p0075_r2p424702,2.424702,2.4184148735968463,59249,0.000933004519,1574.4979925581608,-1482.4533280802953,230.7338230394602,322.77849302023475,0,
cntcon_T400_xB0p050_strictref_eyy_s0p01,/data/home/luozhiheng/CUDA_STO_PF/Results/workflows/T400_xB0p050/raw/chel_T400_cuda_400x400x400_dt0.03_steps30000_r1.463nm_xB0.050/cntcon_T400_xB0p050_strictref_eyy_s0p01_r1p462932,1.462932,1.4527558214765506,12843,0.000204918446,570.942530255448,-325.59545637259185,55.564505287028716,300.91157090022955,0,
cntcon_T400_xB0p050_strictref_eyy_s0p01,/data/home/luozhiheng/CUDA_STO_PF/Results/workflows/T400_xB0p050/raw/chel_T400_cuda_400x400x400_dt0.03_steps30000_r1.563nm_xB0.050/cntcon_T400_xB0p050_strictref_eyy_s0p01_r1p562932,1.562932,1.553518551560637,15705,0.000249878497,652.1100248956566,-397.0325978943706,67.76895375341954,322.84636422151124,0,
cntcon_T400_xB0p050_strictref_eyy_s0p01,/data/home/luozhiheng/CUDA_STO_PF/Results/workflows/T400_xB0p050/raw/chel_T400_cuda_400x400x400_dt0.03_steps30000_r1.663nm_xB0.050/cntcon_T400_xB0p050_strictref_eyy_s0p01_r1p662932,1.662932,1.6545597905422211,18973,0.000300976167,738.6476740842113,-478.2218201334299,81.63569574849913,342.06157172926845,0,
cntcon_T400_xB0p050_strictref_eyy_s0p01,/data/home/luozhiheng/CUDA_STO_PF/Results/workflows/T400_xB0p050/raw/chel_T400_cuda_400x400x400_dt0.03_steps30000_r1.763nm_xB0.050/cntcon_T400_xB0p050_strictref_eyy_s0p01_r1p762932,1.762932,1.7551738541073862,22649,0.000358604156,830.5565823808405,-569.7870836468703,97.27083511452732,358.04033659689463,0,
cntcon_T400_xB0p050_strictref_eyy_s0p01,/data/home/luozhiheng/CUDA_STO_PF/Results/workflows/T400_xB0p050/raw/chel_T400_cuda_400x400x400_dt0.03_steps30000_r1.863nm_xB0.050/cntcon_T400_xB0p050_strictref_eyy_s0p01_r1p862932,1.862932,1.8548965624073022,26733,0.000423155162,927.8379066810203,-672.3523462372801,114.78044814862471,370.2659948136835,0,
cntcon_T400_xB0p050_strictref_eyy_s0p01,/data/home/luozhiheng/CUDA_STO_PF/Results/workflows/T400_xB0p050/raw/chel_T400_cuda_400x400x400_dt0.03_steps30000_r1.963nm_xB0.050/cntcon_T400_xB0p050_strictref_eyy_s0p01_r1p962932,1.962932,1.954752471742895,31287,0.000495021886,1030.4927901076626,-786.5415712162729,134.27085905409635,378.22210272998586,0,
cntcon_T400_xB0p050_strictref_eyy_s0p01,/data/home/luozhiheng/CUDA_STO_PF/Results/workflows/T400_xB0p050/raw/chel_T400_cuda_400x400x400_dt0.03_steps30000_r2.063nm_xB0.050/cntcon_T400_xB0p050_strictref_eyy_s0p01_r2p062932,2.062932,2.0563060448634727,36421,0.000574597025,1138.5224639280946,-912.9787191409495,155.84866748554413,381.3924095120583,1,
cntcon_T400_xB0p050_strictref_eyy_s0p01,/data/home/luozhiheng/CUDA_STO_PF/Results/workflows/T400_xB0p050/raw/chel_T400_cuda_400x400x400_dt0.03_steps30000_r2.163nm_xB0.050/cntcon_T400_xB0p050_strictref_eyy_s0p01_r2p162932,2.162932,2.1556871856751334,41961,0.00066227328,1251.9281952183148,-1052.287750568411,179.6204730975699,379.26091223233004,0,
cntcon_T400_xB0p050_strictref_eyy_s0p01,/data/home/luozhiheng/CUDA_STO_PF/Results/workflows/T400_xB0p050/raw/chel_T400_cuda_400x400x400_dt0.03_steps30000_r2.263nm_xB0.050/cntcon_T400_xB0p050_strictref_eyy_s0p01_r2p262932,2.262932,2.2563336011955304,48117,0.000758443348,1370.7112675813996,-1205.092623301245,205.693316266866,371.31196604993,0,
cntcon_T400_xB0p050_strictref_eyy_s0p01,/data/home/luozhiheng/CUDA_STO_PF/Results/workflows/T400_xB0p050/raw/chel_T400_cuda_400x400x400_dt0.03_steps30000_r2.363nm_xB0.050/cntcon_T400_xB0p050_strictref_eyy_s0p01_r2p362932,2.362932,2.355970661820554,54777,0.00086349993,1494.8730582738683,-1372.017303405579,234.17434755064284,357.03009139476274,0,
cntcon_T400_xB0p050_strictref_eyy_s0p01,/data/home/luozhiheng/CUDA_STO_PF/Results/workflows/T400_xB0p050/raw/chel_T400_cuda_400x400x400_dt0.03_steps30000_r2.463nm_xB0.050/cntcon_T400_xB0p050_strictref_eyy_s0p01_r2p462932,2.462932,2.4570871315146414,62137,0.000977835724,1624.4149197616223,-1553.6857459294872,265.17107559280737,335.900249418826,0,
cntcon_T400_xB0p050_strictref_eyy_sm0p0025,/data/home/luozhiheng/CUDA_STO_PF/Results/workflows/T400_xB0p050/raw/chel_T400_cuda_400x400x400_dt0.03_steps30000_r1.312nm_xB0.050/cntcon_T400_xB0p050_strictref_eyy_sm0p0025_r1p312217,1.312217,1.301985363509857,9245,0.000147885507,458.94985313610874,-234.9756698189432,21.796772936444643,245.7709548702376,0,
cntcon_T400_xB0p050_strictref_eyy_sm0p0025,/data/home/luozhiheng/CUDA_STO_PF/Results/workflows/T400_xB0p050/raw/chel_T400_cuda_400x400x400_dt0.03_steps30000_r1.412nm_xB0.050/cntcon_T400_xB0p050_strictref_eyy_sm0p0025_r1p412217,1.412217,1.4042485357927255,11599,0.000184337181,532.0795051946129,-292.8938307485664,27.37966403580757,266.56534123025097,0,
cntcon_T400_xB0p050_strictref_eyy_sm0p0025,/data/home/luozhiheng/CUDA_STO_PF/Results/workflows/T400_xB0p050/raw/chel_T400_cuda_400x400x400_dt0.03_steps30000_r1.512nm_xB0.050/cntcon_T400_xB0p050_strictref_eyy_sm0p0025_r1p512217,1.512217,1.501266265955432,14173,0.000226334617,610.5885587017344,-359.62366649418277,33.833813118386864,284.79870807433537,0,
cntcon_T400_xB0p050_strictref_eyy_sm0p0025,/data/home/luozhiheng/CUDA_STO_PF/Results/workflows/T400_xB0p050/raw/chel_T400_cuda_400x400x400_dt0.03_steps30000_r1.612nm_xB0.050/cntcon_T400_xB0p050_strictref_eyy_sm0p0025_r1p612217,1.612217,1.603588948588848,17273,0.000274270516,694.4794651740779,-435.78914174466263,41.22147217886058,299.9117956021596,0,
cntcon_T400_xB0p050_strictref_eyy_sm0p0025,/data/home/luozhiheng/CUDA_STO_PF/Results/workflows/T400_xB0p050/raw/chel_T400_cuda_400x400x400_dt0.03_steps30000_r1.712nm_xB0.050/cntcon_T400_xB0p050_strictref_eyy_sm0p0025_r1p712217,1.712217,1.7039962838633738,20725,0.000328537577,783.754758763639,-522.0142170571069,49.604887702881115,311.34542940329663,0,
cntcon_T400_xB0p050_strictref_eyy_sm0p0025,/data/home/luozhiheng/CUDA_STO_PF/Results/workflows/T400_xB0p050/raw/chel_T400_cuda_400x400x400_dt0.03_steps30000_r1.812nm_xB0.050/cntcon_T400_xB0p050_strictref_eyy_sm0p0025_r1p812217,1.812217,1.804409558371927,24609,0.000389528497,878.4170893119613,-618.9228502341035,59.046510010064814,318.5407463272933,0,
cntcon_T400_xB0p050_strictref_eyy_sm0p0025,/data/home/luozhiheng/CUDA_STO_PF/Results/workflows/T400_xB0p050/raw/chel_T400_cuda_400x400x400_dt0.03_steps30000_r1.912nm_xB0.050/cntcon_T400_xB0p050_strictref_eyy_sm0p0025_r1p912217,1.912217,1.905233890369405,28969,0.000457635978,978.4692554042919,-727.1390045872664,69.60876187489886,320.9390126858082,1,
cntcon_T400_xB0p050_strictref_eyy_sm0p0025,/data/home/luozhiheng/CUDA_STO_PF/Results/workflows/T400_xB0p050/raw/chel_T400_cuda_400x400x400_dt0.03_steps30000_r2.012nm_xB0.050/cntcon_T400_xB0p050_strictref_eyy_sm0p0025_r2p012217,2.012217,2.0054496893337976,33785,0.000533252717,1083.914066643931,-847.2866406736962,81.35431397804332,317.98173994216154,0,
cntcon_T400_xB0p050_strictref_eyy_sm0p0025,/data/home/luozhiheng/CUDA_STO_PF/Results/workflows/T400_xB0p050/raw/chel_T400_cuda_400x400x400_dt0.03_steps30000_r2.112nm_xB0.050/cntcon_T400_xB0p050_strictref_eyy_sm0p0025_r2p112217,2.112217,2.105805432630077,39115,0.000616771413,1194.7545722768118,-979.989716295981,94.3460380796097,309.1108940543243,0,
cntcon_T400_xB0p050_strictref_eyy_sm0p0025,/data/home/luozhiheng/CUDA_STO_PF/Results/workflows/T400_xB0p050/raw/chel_T400_cuda_400x400x400_dt0.03_steps30000_r2.212nm_xB0.050/cntcon_T400_xB0p050_strictref_eyy_sm0p0025_r2p212217,2.212217,2.205293981134673,44925,0.000708584767,1310.9938490939996,-1125.8721947657348,108.64699600110981,293.7686503232584,0,
cntcon_T400_xB0p050_strictref_eyy_sm0p0025,/data/home/luozhiheng/CUDA_STO_PF/Results/workflows/T400_xB0p050/raw/chel_T400_cuda_400x400x400_dt0.03_steps30000_r2.312nm_xB0.050/cntcon_T400_xB0p050_strictref_eyy_sm0p0025_r2p312217,2.312217,2.3052229378816573,51313,0.000809085476,1432.6349573594803,-1285.5580338855448,124.32074537640197,271.397668844221,0,
cntcon_T400_xB0p050_strictref_eyy_sm0p005,/data/home/luozhiheng/CUDA_STO_PF/Results/workflows/T400_xB0p050/raw/chel_T400_cuda_400x400x400_dt0.03_steps30000_r1.293nm_xB0.050/cntcon_T400_xB0p050_strictref_eyy_sm0p005_r1p292707,1.292707,1.2792452712128641,8769,0.000141386823,445.3580528600014,-224.64989427575148,17.43347829370449,238.1416451353769,0,
cntcon_T400_xB0p050_strictref_eyy_sm0p005,/data/home/luozhiheng/CUDA_STO_PF/Results/workflows/T400_xB0p050/raw/chel_T400_cuda_400x400x400_dt0.03_steps30000_r1.393nm_xB0.050/cntcon_T400_xB0p050_strictref_eyy_sm0p005_r1p392707,1.392707,1.3813591227398478,11041,0.0001768023,517.4531814384501,-280.92163731258506,22.040291170670162,258.57184079944585,0,
cntcon_T400_xB0p050_strictref_eyy_sm0p005,/data/home/luozhiheng/CUDA_STO_PF/Results/workflows/T400_xB0p050/raw/chel_T400_cuda_400x400x400_dt0.03_steps30000_r1.493nm_xB0.050/cntcon_T400_xB0p050_strictref_eyy_sm0p005_r1p492707,1.492707,1.4841233556089417,13693,0.000217686924,594.9304659785549,-345.88332634794205,27.384294372225455,276.431442260261,0,
cntcon_T400_xB0p050_strictref_eyy_sm0p005,/data/home/luozhiheng/CUDA_STO_PF/Results/workflows/T400_xB0p050/raw/chel_T400_cuda_400x400x400_dt0.03_steps30000_r1.593nm_xB0.050/cntcon_T400_xB0p050_strictref_eyy_sm0p005_r1p592707,1.592707,1.582771756361637,16609,0.000264433396,677.7927766829025,-420.15891642989743,33.51892545132343,291.15279947077784,0,
cntcon_T400_xB0p050_strictref_eyy_sm0p005,/data/home/luozhiheng/CUDA_STO_PF/Results/workflows/T400_xB0p050/raw/chel_T400_cuda_400x400x400_dt0.03_steps30000_r1.693nm_xB0.050/cntcon_T400_xB0p050_strictref_eyy_sm0p005_r1p692707,1.692707,1.6845916297801433,20025,0.000317434412,766.0430663894706,-504.37237087006486,40.49775968657006,302.1684551998592,0,
cntcon_T400_xB0p050_strictref_eyy_sm0p005,/data/home/luozhiheng/CUDA_STO_PF/Results/workflows/T400_xB0p050/raw/chel_T400_cuda_400x400x400_dt0.03_steps30000_r1.793nm_xB0.050/cntcon_T400_xB0p050_strictref_eyy_sm0p005_r1p792707,1.792707,1.7839910675135053,23783,0.000377082674,859.6844890156883,-599.1476502255454,48.37431726631074,308.91114503228454,0,
cntcon_T400_xB0p050_strictref_eyy_sm0p005,/data/home/luozhiheng/CUDA_STO_PF/Results/workflows/T400_xB0p050/raw/chel_T400_cuda_400x400x400_dt0.03_steps30000_r1.893nm_xB0.050/cntcon_T400_xB0p050_strictref_eyy_sm0p005_r1p892707,1.892707,1.8856537087898098,28085,0.00044377088,958.7202756053507,-705.1087150534397,57.202228559411246,310.8137973687451,1,
cntcon_T400_xB0p050_strictref_eyy_sm0p005,/data/home/luozhiheng/CUDA_STO_PF/Results/workflows/T400_xB0p050/raw/chel_T400_cuda_400x400x400_dt0.03_steps30000_r1.993nm_xB0.050/cntcon_T400_xB0p050_strictref_eyy_sm0p005_r1p992707,1.992707,1.9855455480380704,32789,0.000517891728,1063.1537784008256,-822.879525910849,67.03531675065153,307.309560970973,0,
cntcon_T400_xB0p050_strictref_eyy_sm0p005,/data/home/luozhiheng/CUDA_STO_PF/Results/workflows/T400_xB0p050/raw/chel_T400_cuda_400x400x400_dt0.03_steps30000_r2.093nm_xB0.050/cntcon_T400_xB0p050_strictref_eyy_sm0p005_r2p092707,2.092707,2.085145624562969,37975,0.000599837919,1172.988605814194,-953.084043354874,77.92748766020165,297.8320528679179,0,
cntcon_T400_xB0p050_strictref_eyy_sm0p005,/data/home/luozhiheng/CUDA_STO_PF/Results/workflows/T400_xB0p050/raw/chel_T400_cuda_400x400x400_dt0.03_steps30000_r2.193nm_xB0.050/cntcon_T400_xB0p050_strictref_eyy_sm0p005_r2p192707,2.192707,2.1856144515099474,43733,0.000690002151,1288.2282560770157,-1096.3462279426158,89.93300519492675,281.815027814184,0,
cntcon_T400_xB0p050_strictref_eyy_sm0p005,/data/home/luozhiheng/CUDA_STO_PF/Results/workflows/T400_xB0p050/raw/chel_T400_cuda_400x400x400_dt0.03_steps30000_r2.293nm_xB0.050/cntcon_T400_xB0p050_strictref_eyy_sm0p005_r2p292707,2.292707,2.2864415451965328,50069,0.000788777123,1408.8764835905622,-1253.2900374766612,103.1064638032576,258.6929016475037,0,
cntcon_T400_xB0p050_strictref_eyy_sm0p0075,/data/home/luozhiheng/CUDA_STO_PF/Results/workflows/T400_xB0p050/raw/chel_T400_cuda_400x400x400_dt0.03_steps30000_r1.276nm_xB0.050/cntcon_T400_xB0p050_strictref_eyy_sm0p0075_r1p276203,1.276203,1.2661773000732646,8503,0.000136040406,434.0277215613605,-216.1549576086808,13.535511802157629,231.40826555702301,0,
cntcon_T400_xB0p050_strictref_eyy_sm0p0075,/data/home/luozhiheng/CUDA_STO_PF/Results/workflows/T400_xB0p050/raw/chel_T400_cuda_400x400x400_dt0.03_steps30000_r1.376nm_xB0.050/cntcon_T400_xB0p050_strictref_eyy_sm0p0075_r1p376203,1.376203,1.3648138025042982,10649,0.000170591008,505.2507382575507,-271.05250025830276,17.239808481941377,251.4380376606312,0,
cntcon_T400_xB0p050_strictref_eyy_sm0p0075,/data/home/luozhiheng/CUDA_STO_PF/Results/workflows/T400_xB0p050/raw/chel_T400_cuda_400x400x400_dt0.03_steps30000_r1.476nm_xB0.050/cntcon_T400_xB0p050_strictref_eyy_sm0p0075_r1p476203,1.476203,1.4665009919844074,13211,0.000210545947,581.8590427967224,-334.5370078556236,21.552659727401974,268.8746836443312,0,
cntcon_T400_xB0p050_strictref_eyy_sm0p0075,/data/home/luozhiheng/CUDA_STO_PF/Results/workflows/T400_xB0p050/raw/chel_T400_cuda_400x400x400_dt0.03_steps30000_r1.576nm_xB0.050/cntcon_T400_xB0p050_strictref_eyy_sm0p0075_r1p576203,1.576203,1.5652342773225112,16063,0.000256297922,663.8559543670872,-407.23244123319546,26.518716194894075,283.14223483169695,0,
cntcon_T400_xB0p050_strictref_eyy_sm0p0075,/data/home/luozhiheng/CUDA_STO_PF/Results/workflows/T400_xB0p050/raw/chel_T400_cuda_400x400x400_dt0.03_steps30000_r1.676nm_xB0.050/cntcon_T400_xB0p050_strictref_eyy_sm0p0075_r1p676203,1.676203,1.6665650394039535,19389,0.000308239631,751.2449381460483,-489.76275874450886,32.18279381156597,293.66499799760527,0,
cntcon_T400_xB0p050_strictref_eyy_sm0p0075,/data/home/luozhiheng/CUDA_STO_PF/Results/workflows/T400_xB0p050/raw/chel_T400_cuda_400x400x400_dt0.03_steps30000_r1.776nm_xB0.050/cntcon_T400_xB0p050_strictref_eyy_sm0p0075_r1p776203,1.776203,1.7680975437348847,23153,0.000366763774,844.0296961991296,-582.7519209466645,38.5895707789026,299.86736255232984,0,
cntcon_T400_xB0p050_strictref_eyy_sm0p0075,/data/home/luozhiheng/CUDA_STO_PF/Results/workflows/T400_xB0p050/raw/chel_T400_cuda_400x400x400_dt0.03_steps30000_r1.876nm_xB0.050/cntcon_T400_xB0p050_strictref_eyy_sm0p0075_r1p876203,1.876203,1.8683521219746924,27319,0.00043226305,942.2139636460117,-686.8238939057895,45.78378038865542,301.1738556317897,1,
cntcon_T400_xB0p050_strictref_eyy_sm0p0075,/data/home/luozhiheng/CUDA_STO_PF/Results/workflows/T400_xB0p050/raw/chel_T400_cuda_400x400x400_dt0.03_steps30000_r1.976nm_xB0.050/cntcon_T400_xB0p050_strictref_eyy_sm0p0075_r1p976203,1.976203,1.9693874607359036,31995,0.000505130158,1045.8017455486536,-802.6026326699588,53.81034874849383,297.00944509399426,0,
cntcon_T400_xB0p050_strictref_eyy_sm0p0075,/data/home/luozhiheng/CUDA_STO_PF/Results/workflows/T400_xB0p050/raw/chel_T400_cuda_400x400x400_dt0.03_steps30000_r2.076nm_xB0.050/cntcon_T400_xB0p050_strictref_eyy_sm0p0075_r2p076203,2.076203,2.06984226681473,37145,0.000585757797,1154.7971957127174,-930.7121005507859,62.71417442094501,286.79929161286486,0,
cntcon_T400_xB0p050_strictref_eyy_sm0p0075,/data/home/luozhiheng/CUDA_STO_PF/Results/workflows/T400_xB0p050/raw/chel_T400_cuda_400x400x400_dt0.03_steps30000_r2.176nm_xB0.050/cntcon_T400_xB0p050_strictref_eyy_sm0p0075_r2p176203,2.176203,2.1695373755338085,42775,0.000674538666,1269.2044018355534,-1071.776255350859,72.54070687115363,269.96885885875616,0,
cntcon_T400_xB0p050_strictref_eyy_sm0p0075,/data/home/luozhiheng/CUDA_STO_PF/Results/workflows/T400_xB0p050/raw/chel_T400_cuda_400x400x400_dt0.03_steps30000_r2.276nm_xB0.050/cntcon_T400_xB0p050_strictref_eyy_sm0p0075_r2p276203,2.276203,2.2703763404033848,49021,0.000771865464,1389.0278758095183,-1226.4190603817917,83.33539556425839,245.94421649489462,0,
cntcon_T400_xB0p050_strictref_eyy_sm0p01,/data/home/luozhiheng/CUDA_STO_PF/Results/workflows/T400_xB0p050/raw/chel_T400_cuda_400x400x400_dt0.03_steps30000_r1.263nm_xB0.050/cntcon_T400_xB0p050_strictref_eyy_sm0p01_r1p262553,1.262553,1.2500900946222582,8183,0.000131721749,424.7767694012392,-209.29303289489096,10.007008144513081,225.49074519564923,0,
cntcon_T400_xB0p050_strictref_eyy_sm0p01,/data/home/luozhiheng/CUDA_STO_PF/Results/workflows/T400_xB0p050/raw/chel_T400_cuda_400x400x400_dt0.03_steps30000_r1.363nm_xB0.050/cntcon_T400_xB0p050_strictref_eyy_sm0p01_r1p362553,1.362553,1.3530932757680256,10377,0.00016556512,495.2821197612597,-263.0668532196228,12.869112462668964,245.08436770468654,0,
cntcon_T400_xB0p050_strictref_eyy_sm0p01,/data/home/luozhiheng/CUDA_STO_PF/Results/workflows/T400_xB0p050/raw/chel_T400_cuda_400x400x400_dt0.03_steps30000_r1.463nm_xB0.050/cntcon_T400_xB0p050_strictref_eyy_sm0p01_r1p462553,1.462553,1.4516237740910618,12813,0.000204759224,571.1762920044904,-325.3424681225381,16.215652988965047,262.04946860126444,0,
cntcon_T400_xB0p050_strictref_eyy_sm0p01,/data/home/luozhiheng/CUDA_STO_PF/Results/workflows/T400_xB0p050/raw/chel_T400_cuda_400x400x400_dt0.03_steps30000_r1.563nm_xB0.050/cntcon_T400_xB0p050_strictref_eyy_sm0p01_r1p562553,1.562553,1.5531887524738646,15695,0.00024969676,652.4631121495424,-396.74383678348124,20.082576118564102,275.80184321497075,0,
cntcon_T400_xB0p050_strictref_eyy_sm0p01,/data/home/luozhiheng/CUDA_STO_PF/Results/workflows/T400_xB0p050/raw/chel_T400_cuda_400x400x400_dt0.03_steps30000_r1.663nm_xB0.050/cntcon_T400_xB0p050_strictref_eyy_sm0p01_r1p662553,1.662553,1.6523476150054068,18897,0.000300770427,739.1466486121741,-477.89492003500453,24.505745611229095,285.7574796913084,0,
cntcon_T400_xB0p050_strictref_eyy_sm0p01,/data/home/luozhiheng/CUDA_STO_PF/Results/workflows/T400_xB0p050/raw/chel_T400_cuda_400x400x400_dt0.03_steps30000_r1.763nm_xB0.050/cntcon_T400_xB0p050_strictref_eyy_sm0p01_r1p762553,1.762553,1.7543468560709259,22617,0.000358372924,831.2311874146736,-569.4196784342087,29.521052771859257,291.3325865368254,0,
cntcon_T400_xB0p050_strictref_eyy_sm0p01,/data/home/luozhiheng/CUDA_STO_PF/Results/workflows/T400_xB0p050/raw/chel_T400_cuda_400x400x400_dt0.03_steps30000_r1.863nm_xB0.050/cntcon_T400_xB0p050_strictref_eyy_sm0p01_r1p862553,1.862553,1.8525344308162957,26631,0.000422896951,928.7210724241039,-671.9420752927076,35.16433381508427,291.9433447129304,1,
cntcon_T400_xB0p050_strictref_eyy_sm0p01,/data/home/luozhiheng/CUDA_STO_PF/Results/workflows/T400_xB0p050/raw/chel_T400_cuda_400x400x400_dt0.03_steps30000_r1.963nm_xB0.050/cntcon_T400_xB0p050_strictref_eyy_sm0p01_r1p962553,1.962553,1.9542941915400547,31265,0.000494735207,1031.621038648378,-786.0860684130894,41.47142495554581,287.0064034482562,0,
cntcon_T400_xB0p050_strictref_eyy_sm0p01,/data/home/luozhiheng/CUDA_STO_PF/Results/workflows/T400_xB0p050/raw/chel_T400_cuda_400x400x400_dt0.03_steps30000_r2.063nm_xB0.050/cntcon_T400_xB0p050_strictref_eyy_sm0p01_r2p062553,2.062553,2.056155475567626,36413,0.00057428039,1139.935815586384,-912.4756183524545,48.478327678658225,275.9385221519592,0,
cntcon_T400_xB0p050_strictref_eyy_sm0p01,/data/home/luozhiheng/CUDA_STO_PF/Results/workflows/T400_xB0p050/raw/chel_T400_cuda_400x400x400_dt0.03_steps30000_r2.163nm_xB0.050/cntcon_T400_xB0p050_strictref_eyy_sm0p01_r2p162553,2.162553,2.155995383146725,41979,0.0006619252,1253.6702539355833,-1051.7346856679042,56.22145664679602,258.15703868092595,0,
cntcon_T400_xB0p050_strictref_eyy_sm0p01,/data/home/luozhiheng/CUDA_STO_PF/Results/workflows/T400_xB0p050/raw/chel_T400_cuda_400x400x400_dt0.03_steps30000_r2.263nm_xB0.050/cntcon_T400_xB0p050_strictref_eyy_sm0p01_r2p262553,2.262553,2.2566774282268636,48139,0.000758062336,1372.829606552341,-1204.4872336710523,64.73717143207317,233.07953879821838,0,
