r_nm_lo,r_nm_hi,count,eta,xB,eta_rhs_chem,eta_rhs_dw,eta_rhs_elastic,eta_rhs_grad,eta_rhs_net_explicit,eta_rhs_full_variational,eta_evolution_drive
0.0,0.05,1,0.99902,0.05384,-0.01001,0.0,0.0,0.0,-0.01001,-0.01001,0.01001
0.05,0.1,3,0.99924,0.0535,-0.006009999999999999,0.0,0.0,0.0,-0.006009999999999999,-0.006009999999999999,0.006009999999999999
0.1,0.15000000000000002,15,0.9995040000000001,0.053244,-0.002697999999999999,0.0,0.0,0.0,-0.002697999999999999,-0.002697999999999999,0.002697999999999999
0.15000000000000002,0.2,11,0.9997190909090908,0.052925454545454546,-0.0029072727272727267,0.0,0.0,0.0,-0.0029072727272727267,-0.0029072727272727267,0.0029072727272727267
0.2,0.25,51,0.9996805882352942,0.05261058823529412,-0.001996470588235294,0.0,0.0,0.0,-0.001996470588235294,-0.001996470588235294,0.001996470588235294
0.25,0.30000000000000004,33,0.9993809090909092,0.052289999999999996,-0.007142727272727273,0.0,0.0,0.0,-0.007142727272727273,-0.007142727272727273,0.007142727272727273
0.30000000000000004,0.35000000000000003,65,0.9986635384615384,0.052176153846153844,-0.019842923076923077,0.0,0.0,0.0,-0.019842923076923077,-0.019842923076923077,0.019842923076923077
0.35000000000000003,0.4,75,0.9977844000000001,0.0518048,-0.0474672,0.0,0.0,0.0,-0.0474672,-0.0474672,0.0474672
0.4,0.45,135,0.9962633333333336,0.051220444444444437,-0.133248,0.0,0.0,0.0,-0.133248,-0.133248,0.133248
0.45,0.5,102,0.9946035294117647,0.05063941176470588,-0.26714058823529413,0.0,0.0,0.0,-0.26714058823529413,-0.26714058823529413,0.26714058823529413
0.5,0.55,248,0.9906871774193546,0.04983137096774194,-0.7465763709677419,0.0,0.0,0.0,-0.7465763709677419,-0.7465763709677419,0.7465763709677419
0.55,0.6000000000000001,177,0.9836777966101695,0.04915372881355931,-2.142578192090395,0.0,0.0,0.0,-2.142578192090395,-2.142578192090395,2.142578192090395
0.6000000000000001,0.65,273,0.9733871428571429,0.04883593406593406,-5.503621465201465,0.0,0.0,0.0,-5.503621465201465,-5.503621465201465,5.503621465201465
0.65,0.7000000000000001,197,0.9595894923857868,0.04867294416243655,-12.16398456852792,0.0,0.0,0.0,-12.163984873096448,-12.163984873096448,12.163984873096448
0.7000000000000001,0.75,405,0.9354971111111111,0.04860051851851852,-29.350955160493825,0.0,0.0,0.0,-29.350955407407408,-29.350955407407408,29.350955407407408
0.75,0.8,315,0.8974674285714285,0.04859076190476191,-67.72424409523809,0.0,0.0,0.0,-67.72424409523809,-67.72424409523809,67.72424409523809
0.8,0.8500000000000001,447,0.8451677852348993,0.04859590604026845,-136.62042946308725,0.0,0.0,0.0,-136.62043085011186,-136.62043085011186,136.62043085011186
0.8500000000000001,0.9,458,0.7672399344978166,0.04859768558951965,-253.07611683406117,0.0,0.0,0.0,-253.0761194541485,-253.0761194541485,253.0761194541485
0.9,0.9500000000000001,684,0.6535026754385965,0.04859000000000001,-403.6087631871345,0.0,-4.210526315789475e-06,0.0,-403.60876779239766,-403.60876779239766,403.60876779239766
0.9500000000000001,1.0,450,0.5325377333333333,0.04858462222222223,-487.84186737777776,0.0,-1e-05,0.0,-487.84187488888887,-487.84187488888887,487.84187488888887
1.0,1.05,800,0.41570505,0.048579800000000006,-462.80198475,0.0,-1e-05,0.0,-462.80199116250003,-462.80199116250003,462.80199116250003
1.05,1.1,591,0.2984673604060914,0.04857270727580373,-346.9582207445008,0.0,-8.52791878172589e-06,0.0,-346.95822658206436,-346.95822658206436,346.95822658206436
1.1,1.1500000000000001,867,0.20986778546712806,0.04857,-218.2410166897347,0.0,0.0,0.0,-218.2410202537486,-218.2410202537486,218.2410202537486
1.1500000000000001,1.2000000000000002,729,0.14207650205761316,0.04857,-118.38894042524004,0.0,0.0,0.0,-118.38894283950617,-118.38894283950617,118.38894283950617
1.2000000000000002,1.25,1085,0.09046098617511521,0.04857,-54.22831347465438,0.0,0.0,0.0,-54.2283143686636,-54.2283143686636,54.2283143686636
1.25,1.3,915,0.05616226229508196,0.04857,-22.551672688524587,0.0,0.0,0.0,-22.551672775956288,-22.551672775956288,22.551672775956288
1.3,1.35,1263,0.03493950118764846,0.04857,-9.21036002375297,0.0,0.0,0.0,-9.210360150435472,-9.210360150435472,9.210360150435472
1.35,1.4000000000000001,1091,0.021053437213565538,0.04857,-3.4316506416131984,0.0,0.0,0.0,-3.4316506416131984,-3.4316506416131984,3.4316506416131984
1.4000000000000001,1.4500000000000002,1407,0.01277445628997868,0.04857,-1.2895265174129351,0.0,0.0,0.0,-1.2895265174129351,-1.2895265174129351,1.2895265174129351
1.4500000000000002,1.5,1154,0.007877920277296361,0.04857,-0.493026603119584,0.0,0.0,0.0,-0.493026603119584,-0.493026603119584,0.493026603119584
1.5,1.55,1468,0.0049828746594005454,0.048569999999999995,-0.19827618528610352,0.0,0.0,0.0,-0.19827618528610352,-0.19827618528610352,0.19827618528610352
1.55,1.6,1559,0.0030727453495830656,0.04857,-0.07567808210391276,0.0,0.0,0.0,-0.07567808210391276,-0.07567808210391276,0.07567808210391276
1.6,1.6500000000000001,1779,0.0018702698145025296,0.04857000000000001,-0.028439083754918496,0.0,0.0,0.0,-0.028439083754918496,-0.028439083754918496,0.028439083754918496
1.6500000000000001,1.7000000000000002,1579,0.0010828689043698545,0.048569999999999995,-0.00951563647878404,0.0,0.0,0.0,-0.00951563647878404,-0.00951563647878404,0.00951563647878404
1.7000000000000002,1.75,2143,0.0006391647223518433,0.04857000000000001,-0.003348422771815212,0.0,0.0,0.0,-0.003348422771815212,-0.003348422771815212,0.003348422771815212
1.75,1.8,1770,0.0003915762711864407,0.04857,-0.0012434463276836157,0.0,0.0,0.0,-0.0012434463276836157,-0.0012434463276836157,0.0012434463276836157
1.8,1.85,2400,0.00022376249999999994,0.04857,-0.000442525,0.0,0.0,0.0,-0.000442525,-0.000442525,0.000442525
1.85,1.9000000000000001,1839,0.00017867862969004898,0.048569999999999995,-0.00029557911908646,0.0,0.0,0.0,-0.00029557911908646,-0.00029557911908646,0.00029557911908646
1.9000000000000001,1.9500000000000002,2519,0.00012479158396188966,0.04857000000000001,-0.00019554188169908695,0.0,0.0,0.0,-0.00019554188169908695,-0.00019554188169908695,0.00019554188169908695
1.9500000000000002,2.0,2274,4.596306068601583e-05,0.04857,-1.9973614775725593e-05,0.0,0.0,0.0,-1.9973614775725593e-05,-1.9973614775725593e-05,1.9973614775725593e-05
2.0,2.0500000000000003,2760,4.310869565217392e-05,0.04857,-2.9065217391304347e-05,0.0,0.0,0.0,-2.9065217391304347e-05,-2.9065217391304347e-05,2.9065217391304347e-05
2.0500000000000003,2.1,2597,2.1455525606469004e-05,0.04857,-1.986907970735464e-06,0.0,0.0,0.0,-1.986907970735464e-06,-1.986907970735464e-06,1.986907970735464e-06
2.1,2.15,3117,1.9172281039461023e-05,0.04857,-7.122232916265641e-06,0.0,0.0,0.0,-7.122232916265641e-06,-7.122232916265641e-06,7.122232916265641e-06
2.15,2.2,2571,3.081680280046675e-05,0.04857,-2.80046674445741e-05,0.0,0.0,0.0,-2.80046674445741e-05,-2.80046674445741e-05,2.80046674445741e-05
2.2,2.25,3411,2.6745822339489888e-05,0.04856999999999999,-5.6218117854001754e-05,0.0,0.0,0.0,-5.6218117854001754e-05,-5.6218117854001754e-05,5.6218117854001754e-05
2.25,2.3000000000000003,2955,2.903553299492386e-06,0.04857000000000001,-3.7563451776649743e-07,0.0,0.0,0.0,-3.7563451776649743e-07,-3.7563451776649743e-07,3.7563451776649743e-07
2.3000000000000003,2.35,3647,1.0183712640526462e-05,0.04857,-7.608993693446669e-06,0.0,0.0,0.0,-7.608993693446669e-06,-7.608993693446669e-06,7.608993693446669e-06
2.35,2.4000000000000004,3325,4.475187969924812e-06,0.04857,-7.93984962406015e-07,0.0,0.0,0.0,-7.93984962406015e-07,-7.93984962406015e-07,7.93984962406015e-07
2.4000000000000004,2.45,3805,6.812089356110381e-06,0.04857,-3.2168199737187915e-06,0.0,0.0,0.0,-3.2168199737187915e-06,-3.2168199737187915e-06,3.2168199737187915e-06
2.45,2.5,3580,1.2201117318435756e-05,0.04857,-1.0793296089385474e-05,0.0,0.0,0.0,-1.0793296089385474e-05,-1.0793296089385474e-05,1.0793296089385474e-05
2.5,2.5500000000000003,4454,1.5693758419398295e-05,0.04857,-3.198024247867086e-05,0.0,0.0,0.0,-3.198024247867086e-05,-3.198024247867086e-05,3.198024247867086e-05
2.5500000000000003,2.6,3887,1.628505273990224e-06,0.048569999999999995,-2.1610496526884484e-07,0.0,0.0,0.0,-2.1610496526884484e-07,-2.1610496526884484e-07,2.1610496526884484e-07
2.6,2.6500000000000004,4719,7.240940877304514e-06,0.048569999999999995,-5.060394151303242e-06,0.0,0.0,0.0,-5.060394151303242e-06,-5.060394151303242e-06,5.060394151303242e-06
2.6500000000000004,2.7,4104,3.6842105263157896e-06,0.048569999999999995,-6.432748538011697e-07,0.0,0.0,0.0,-6.432748538011697e-07,-6.432748538011697e-07,6.432748538011697e-07
2.7,2.75,4962,6.239419588875454e-06,0.048569999999999995,-4.062877871825877e-06,0.0,0.0,0.0,-4.062877871825877e-06,-4.062877871825877e-06,4.062877871825877e-06
2.75,2.8000000000000003,4673,4.988230258934304e-06,0.048569999999999995,-3.5437620372351805e-06,0.0,0.0,0.0,-3.5437620372351805e-06,-3.5437620372351805e-06,3.5437620372351805e-06
2.8000000000000003,2.85,5289,1.1576857629041407e-05,0.04857000000000001,-2.0692002268859896e-05,0.0,0.0,0.0,-2.0692002268859896e-05,-2.0692002268859896e-05,2.0692002268859896e-05
2.85,2.9000000000000004,4645,1.2012917115177611e-06,0.04857,-1.614639397201292e-07,0.0,0.0,0.0,-1.614639397201292e-07,-1.614639397201292e-07,1.614639397201292e-07
2.9000000000000004,2.95,5905,5.61896697713802e-06,0.04857,-3.9475021168501275e-06,0.0,0.0,0.0,-3.9475021168501275e-06,-3.9475021168501275e-06,3.9475021168501275e-06
2.95,3.0,5174,2.040974101275609e-06,0.048569999999999995,-9.277155005798224e-08,0.0,0.0,0.0,-9.277155005798224e-08,-9.277155005798224e-08,9.277155005798224e-08
